energy_ev,grazing_angle_deg,efficiency_order_1
50.0,4.0,0.03398199299469033
60.0,4.0,0.0468315246352997
70.0,4.0,0.059314297670899914
80.0,4.0,0.07427850855209496
90.0,4.0,0.09056756441611379
100.0,4.0,0.10706788192261602
110.0,4.0,0.12287505690189687
120.0,4.0,0.13633323844461367
130.0,4.0,0.147008718495668
140.0,4.0,0.15405967191179917
150.0,4.0,0.15414206089847218
160.0,4.0,0.15227962943457046
170.0,4.0,0.1443041948706976
180.0,4.0,0.1374735803729194
190.0,4.0,0.1369437932914414
200.0,4.0,0.13669118767796198
210.0,4.0,0.13550636829875862
220.0,4.0,0.1311463210774684
230.0,4.0,0.12837413976207543
240.0,4.0,0.12840754002211058
250.0,4.0,0.12811968872824364
260.0,4.0,0.1264415576284769
270.0,4.0,0.12552210937490849
280.0,4.0,0.12106563507512691
290.0,4.0,0.11677034749275315
300.0,4.0,0.11239777010145527
310.0,4.0,0.10757691485066027
320.0,4.0,0.10365847499747184
330.0,4.0,0.0997986878725013
340.0,4.0,0.09495293432421556
350.0,4.0,0.08957286776789633
360.0,4.0,0.08480813160523809
370.0,4.0,0.07911174983063426
380.0,4.0,0.07333067599047222
390.0,4.0,0.06681328591204078
400.0,4.0,0.06120348825097894
410.0,4.0,0.05555015502617356
420.0,4.0,0.04955698711545858
430.0,4.0,0.04382619650646223
440.0,4.0,0.0385066374446205
450.0,4.0,0.03346657360766129
460.0,4.0,0.02865887538924368
470.0,4.0,0.024254834803241778
480.0,4.0,0.020235981114203615
490.0,4.0,0.016406671360190705
500.0,4.0,0.012916843848739498
510.0,4.0,0.009795794445056745
520.0,4.0,0.007182253396701194
530.0,4.0,0.005325630740387432
540.0,4.0,0.0036836345055726452
550.0,4.0,0.002335763143696618
560.0,4.0,0.0013735791873253876
570.0,4.0,0.000731760281948077
580.0,4.0,0.000445685155318879
590.0,4.0,0.0003784919995433769
600.0,4.0,0.0005534857390045211
610.0,4.0,0.0009528370996439745
620.0,4.0,0.0015713792189146311
630.0,4.0,0.0023547685103659215
640.0,4.0,0.003293916591950927
650.0,4.0,0.004354469213469937
660.0,4.0,0.005448273448634944
670.0,4.0,0.006601106941081511
680.0,4.0,0.007777098372691392
690.0,4.0,0.008927577718336542
700.0,4.0,0.010009678953333639
710.0,4.0,0.011074479032303726
720.0,4.0,0.011994979898272405
730.0,4.0,0.012930850596874098
740.0,4.0,0.013853034467275387
750.0,4.0,0.01465993927804136
760.0,4.0,0.015353025847196104
770.0,4.0,0.015900951224303024
780.0,4.0,0.016513936577830183
790.0,4.0,0.016951334943580608
800.0,4.0,0.017222059611922053
810.0,4.0,0.01735294013252488
820.0,4.0,0.01735353057842965
830.0,4.0,0.01723318079827618
840.0,4.0,0.01700240080563603
850.0,4.0,0.016670037394853527
860.0,4.0,0.01623786337173233
870.0,4.0,0.015719681682034112
880.0,4.0,0.015128134364682785
890.0,4.0,0.01447528548412603
900.0,4.0,0.013772987883126716
910.0,4.0,0.013033087567156657
920.0,4.0,0.012267517257756615
930.0,4.0,0.011485944491952192
940.0,4.0,0.010693347575992275
950.0,4.0,0.009896832954893952
960.0,4.0,0.009108777040281756
970.0,4.0,0.008300253094254912
980.0,4.0,0.007445600745182872
990.0,4.0,0.006641163318473807
1000.0,4.0,0.005881154257818443
1010.0,4.0,0.0051674169444360695
1020.0,4.0,0.0045027141318328134
1030.0,4.0,0.0038883915495705242
1040.0,4.0,0.0033239533868764017
1050.0,4.0,0.0028110896640971723
1060.0,4.0,0.002350424009857766
1070.0,4.0,0.0019412710700448287
1080.0,4.0,0.0015824441758364148
1090.0,4.0,0.0012710384202321617
1100.0,4.0,0.0010039931564592827
1110.0,4.0,0.0007778816421041656
1120.0,4.0,0.0005890767519031493
1130.0,4.0,0.0004339087656948612
1140.0,4.0,0.00030874269259678985
1150.0,4.0,0.00021005077376662324
1160.0,4.0,0.00013351560480513827
1170.0,4.0,8.148446083146044e-05
1180.0,4.0,4.430007515877701e-05
1190.0,4.0,1.9768809412312028e-05
1200.0,4.0,5.742045689875549e-06
1210.0,4.0,2.5753820887654217e-07
1220.0,4.0,1.5775825324310213e-06
1230.0,4.0,8.165710033268692e-06
1240.0,4.0,1.8656035630315354e-05
1250.0,4.0,3.182212549101888e-05
1260.0,4.0,4.655783065384439e-05
1270.0,4.0,6.187809284105866e-05
1280.0,4.0,7.690592004314192e-05
1290.0,4.0,9.089396622403726e-05
1300.0,4.0,0.00010326557734888792
1310.0,4.0,0.00011367193496289992
1320.0,4.0,0.00012197927480024136
1330.0,4.0,0.00012821844912208375
1340.0,4.0,0.00013242061794930087
1350.0,4.0,0.00013467883768817263
1360.0,4.0,0.00013542122726300167
1370.0,4.0,0.00013516907580673324
1380.0,4.0,0.00013374534447606172
1390.0,4.0,0.00013138912008365812
1400.0,4.0,0.0001282095305684839
1410.0,4.0,0.00012443792369834508
1420.0,4.0,0.00012014388886638127
1430.0,4.0,0.00011540106203095823
1440.0,4.0,0.00011033335561491302
1450.0,4.0,0.00010490226675267466
1460.0,4.0,9.921757889781586e-05
1470.0,4.0,9.330935338618613e-05
1480.0,4.0,8.725617245338177e-05
1490.0,4.0,8.11790849043271e-05
1500.0,4.0,7.514338181150825e-05
1510.0,4.0,6.932517420978662e-05
1520.0,4.0,6.378292749976859e-05
1530.0,4.0,5.8627922897254325e-05
1540.0,4.0,5.3898823951465316e-05
1550.0,4.0,4.9621630208019476e-05
1560.0,4.0,4.573157936666915e-05
1570.0,4.0,4.217137855737204e-05
1580.0,4.0,3.88915257166394e-05
1590.0,4.0,3.5791450963824426e-05
1600.0,4.0,3.2809284504314635e-05
1610.0,4.0,2.9870319755882112e-05
1620.0,4.0,2.69406706313088e-05
1630.0,4.0,2.399902803795797e-05
1640.0,4.0,2.1058486560447153e-05
1650.0,4.0,1.8148767330206394e-05
1660.0,4.0,1.5320579339375415e-05
1670.0,4.0,1.263251718994393e-05
1680.0,4.0,1.0143807791784324e-05
1690.0,4.0,7.907123959034117e-06
1700.0,4.0,5.960391299516912e-06
1710.0,4.0,4.3265411068800755e-06
1720.0,4.0,3.00740124398234e-06
1730.0,4.0,1.9895109344703818e-06
1740.0,4.0,1.2423903931682177e-06
1750.0,4.0,7.257108389585156e-07
1760.0,4.0,3.947340200648708e-07
1770.0,4.0,2.0351547003723622e-07
1780.0,4.0,1.0841526263593359e-07
1790.0,4.0,7.204255463970505e-08
1800.0,4.0,6.523854585706142e-08
1810.0,4.0,6.801381677584577e-08
1820.0,4.0,6.875153058055196e-08
1830.0,4.0,6.307912628535821e-08
1840.0,4.0,5.2386549358810505e-08
1850.0,4.0,4.1084190957881926e-08
1860.0,4.0,3.4252065541289336e-08
1870.0,4.0,3.604867751707334e-08
1880.0,4.0,4.8724371095626766e-08
1890.0,4.0,7.209400079813437e-08
1900.0,4.0,1.0389713523471302e-07
1910.0,4.0,1.402005025721011e-07
1920.0,4.0,1.765333768013377e-07
1930.0,4.0,2.0877609617484647e-07
1940.0,4.0,2.3389777903966545e-07
1950.0,4.0,2.4958107515815653e-07
1960.0,4.0,2.5582477590703245e-07
1970.0,4.0,2.535574824409118e-07
1980.0,4.0,2.4546381058752215e-07
1990.0,4.0,2.3407386000520656e-07
2000.0,4.0,2.2266323449787876e-07
