parameter,value,efficiency,error,energy_ev,grazing_angle_deg
z_resolution,0.001,0.15599586118981687,False,2000.0,0.7752296420774627
z_resolution,0.005,0.15599988627774775,False,2000.0,0.7752296420774627
z_resolution,0.01,0.155988600556445,False,2000.0,0.7752296420774627
z_resolution,0.05,0.15601396296986014,False,2000.0,0.7752296420774627
z_resolution,0.1,0.15601033794069497,False,2000.0,0.7752296420774627
z_resolution,0.5,0.1562696235985573,False,2000.0,0.7752296420774627
z_resolution,1.0,0.15571345580540755,False,2000.0,0.7752296420774627
z_resolution,5.0,0.13584913026226594,False,2000.0,0.7752296420774627
z_resolution,10.0,0.11305629817790212,False,2000.0,0.7752296420774627
