case_id,energy_ev,grazing_angle_deg,order,efficiency,diffraction_angle_deg
fixed-00000000,50.0,1.0,-20,2.2987644485212694e-05,36.72836394252599
fixed-00000000,50.0,1.0,-19,1.9658814800604527e-05,35.76724513732081
fixed-00000000,50.0,1.0,-18,1.9230731556418545e-05,34.783202072369875
fixed-00000000,50.0,1.0,-17,2.093156315001132e-05,33.77419865672606
fixed-00000000,50.0,1.0,-16,2.545362974977453e-05,32.73789413681997
fixed-00000000,50.0,1.0,-15,3.0152247224689334e-05,31.671575132118377
fixed-00000000,50.0,1.0,-14,2.4481895661952823e-05,30.572066870934492
fixed-00000000,50.0,1.0,-13,4.1561212825591146e-05,29.435615277774055
fixed-00000000,50.0,1.0,-12,5.01428003216856e-05,28.25772728984554
fixed-00000000,50.0,1.0,-11,2.8283295886892356e-05,27.03294976457456
fixed-00000000,50.0,1.0,-10,8.470321254688606e-05,25.75455539976224
fixed-00000000,50.0,1.0,-9,8.545756627524252e-05,24.41408289662344
fixed-00000000,50.0,1.0,-8,3.694799820469802e-05,23.00063908061179
fixed-00000000,50.0,1.0,-7,0.00021912222247946633,21.49979251955007
fixed-00000000,50.0,1.0,-6,0.0001477409828423242,19.891721918786743
fixed-00000000,50.0,1.0,-5,0.00010895750062213837,18.147895381206368
fixed-00000000,50.0,1.0,-4,0.0007854404519572367,16.224541946816103
fixed-00000000,50.0,1.0,-3,0.0002652790849087377,14.048051607021762
fixed-00000000,50.0,1.0,-2,0.001288244758084181,11.47520357492894
fixed-00000000,50.0,1.0,-1,0.009168294316223222,8.138281537089384
fixed-00000000,50.0,1.0,0,0.9142142434929552,0.9999999999999005
fixed-00000000,50.0,1.0,1,0.0,0.0
fixed-00000000,50.0,1.0,2,0.0,0.0
fixed-00000000,50.0,1.0,3,0.0,0.0
fixed-00000000,50.0,1.0,4,0.0,0.0
fixed-00000000,50.0,1.0,5,0.0,0.0
fixed-00000000,50.0,1.0,6,0.0,0.0
fixed-00000000,50.0,1.0,7,0.0,0.0
fixed-00000000,50.0,1.0,8,0.0,0.0
fixed-00000000,50.0,1.0,9,0.0,0.0
fixed-00000000,50.0,1.0,10,0.0,0.0
fixed-00000000,50.0,1.0,11,0.0,0.0
fixed-00000000,50.0,1.0,12,0.0,0.0
fixed-00000000,50.0,1.0,13,0.0,0.0
fixed-00000000,50.0,1.0,14,0.0,0.0
fixed-00000000,50.0,1.0,15,0.0,0.0
fixed-00000000,50.0,1.0,16,0.0,0.0
fixed-00000000,50.0,1.0,17,0.0,0.0
fixed-00000000,50.0,1.0,18,0.0,0.0
fixed-00000000,50.0,1.0,19,0.0,0.0
fixed-00000000,50.0,1.0,20,0.0,0.0
fixed-00000002,150.0,1.0,-20,0.00013219844360722966,20.976868904814538
fixed-00000002,150.0,1.0,-19,0.0001441676987291365,20.441189450923062
fixed-00000002,150.0,1.0,-18,0.00011363314278185948,19.891721918786743
fixed-00000002,150.0,1.0,-17,0.00015380239195051732,19.32728860142933
fixed-00000002,150.0,1.0,-16,0.00019513885916960536,18.74653592772742
fixed-00000002,150.0,1.0,-15,0.00015711206591922767,18.147895381206368
fixed-00000002,150.0,1.0,-14,0.0002343541518093811,17.529532494186512
fixed-00000002,150.0,1.0,-13,0.00029950156212159843,16.889279144628944
fixed-00000002,150.0,1.0,-12,0.0002660444313691517,16.224541946816103
fixed-00000002,150.0,1.0,-11,0.0004086168218272977,15.532175532332047
fixed-00000002,150.0,1.0,-10,0.0005297905254918536,14.808302728188039
fixed-00000002,150.0,1.0,-9,0.0005459378241764852,14.048051607021762
fixed-00000002,150.0,1.0,-8,0.0006814529842714129,13.245156988362638
fixed-00000002,150.0,1.0,-7,0.0010005267667473506,12.3913297567059
fixed-00000002,150.0,1.0,-6,0.0012503669475270554,11.47520357492894
fixed-00000002,150.0,1.0,-5,0.0008013949534791425,10.480450869119537
fixed-00000002,150.0,1.0,-4,0.003474771942446668,9.382091896469547
fixed-00000002,150.0,1.0,-3,0.0030792725508586236,8.138281537089384
fixed-00000002,150.0,1.0,-2,0.004055599655225868,6.668112195698512
fixed-00000002,150.0,1.0,-1,0.05319317519824942,4.766536061449884
fixed-00000002,150.0,1.0,0,0.8480757443481047,0.9999999999999005
fixed-00000002,150.0,1.0,1,0.0,0.0
fixed-00000002,150.0,1.0,2,0.0,0.0
fixed-00000002,150.0,1.0,3,0.0,0.0
fixed-00000002,150.0,1.0,4,0.0,0.0
fixed-00000002,150.0,1.0,5,0.0,0.0
fixed-00000002,150.0,1.0,6,0.0,0.0
fixed-00000002,150.0,1.0,7,0.0,0.0
fixed-00000002,150.0,1.0,8,0.0,0.0
fixed-00000002,150.0,1.0,9,0.0,0.0
fixed-00000002,150.0,1.0,10,0.0,0.0
fixed-00000002,150.0,1.0,11,0.0,0.0
fixed-00000002,150.0,1.0,12,0.0,0.0
fixed-00000002,150.0,1.0,13,0.0,0.0
fixed-00000002,150.0,1.0,14,0.0,0.0
fixed-00000002,150.0,1.0,15,0.0,0.0
fixed-00000002,150.0,1.0,16,0.0,0.0
fixed-00000002,150.0,1.0,17,0.0,0.0
fixed-00000002,150.0,1.0,18,0.0,0.0
fixed-00000002,150.0,1.0,19,0.0,0.0
fixed-00000002,150.0,1.0,20,0.0,0.0
fixed-00000001,100.0,1.0,-20,0.0002874537778876284,25.75455539976224
fixed-00000001,100.0,1.0,-19,0.0002598692407713464,25.092692345474617
fixed-00000001,100.0,1.0,-18,0.0001590334773495321,24.41408289662344
fixed-00000001,100.0,1.0,-17,0.00023077838350224104,23.71728455090644
fixed-00000001,100.0,1.0,-16,0.000253057821766844,23.00063908061179
fixed-00000001,100.0,1.0,-15,0.00018946145410534632,22.262224525633528
fixed-00000001,100.0,1.0,-14,0.0002693228322626304,21.49979251955007
fixed-00000001,100.0,1.0,-13,0.0002764197746779961,20.710685071056957
fixed-00000001,100.0,1.0,-12,0.00027446748653029633,19.891721918786743
fixed-00000001,100.0,1.0,-11,0.0003046694251867708,19.039044648764516
fixed-00000001,100.0,1.0,-10,0.0003599960256048948,18.147895381206368
fixed-00000001,100.0,1.0,-9,0.00046234981924565555,17.212292967831786
fixed-00000001,100.0,1.0,-8,0.0003000814336199863,16.224541946816103
fixed-00000001,100.0,1.0,-7,0.0007367495261274951,15.174454773733487
fixed-00000001,100.0,1.0,-6,0.00083667111651601,14.048051607021762
fixed-00000001,100.0,1.0,-5,0.00032787481350571605,12.825231674657005
fixed-00000001,100.0,1.0,-4,0.002671816353767171,11.47520357492894
fixed-00000001,100.0,1.0,-3,0.001581710557053278,9.946291914593857
fixed-00000001,100.0,1.0,-2,0.00328527311665633,8.138281537089384
fixed-00000001,100.0,1.0,-1,0.03173001697414957,5.795583718663309
fixed-00000001,100.0,1.0,0,0.9113485833453209,0.9999999999999005
fixed-00000001,100.0,1.0,1,0.0,0.0
fixed-00000001,100.0,1.0,2,0.0,0.0
fixed-00000001,100.0,1.0,3,0.0,0.0
fixed-00000001,100.0,1.0,4,0.0,0.0
fixed-00000001,100.0,1.0,5,0.0,0.0
fixed-00000001,100.0,1.0,6,0.0,0.0
fixed-00000001,100.0,1.0,7,0.0,0.0
fixed-00000001,100.0,1.0,8,0.0,0.0
fixed-00000001,100.0,1.0,9,0.0,0.0
fixed-00000001,100.0,1.0,10,0.0,0.0
fixed-00000001,100.0,1.0,11,0.0,0.0
fixed-00000001,100.0,1.0,12,0.0,0.0
fixed-00000001,100.0,1.0,13,0.0,0.0
fixed-00000001,100.0,1.0,14,0.0,0.0
fixed-00000001,100.0,1.0,15,0.0,0.0
fixed-00000001,100.0,1.0,16,0.0,0.0
fixed-00000001,100.0,1.0,17,0.0,0.0
fixed-00000001,100.0,1.0,18,0.0,0.0
fixed-00000001,100.0,1.0,19,0.0,0.0
fixed-00000001,100.0,1.0,20,0.0,0.0
fixed-00000003,200.0,1.0,-20,9.970350661255871e-05,18.147895381206368
fixed-00000003,200.0,1.0,-19,0.00010581017032338568,17.68608429287241
fixed-00000003,200.0,1.0,-18,8.288354087945803e-05,17.212292967831786
fixed-00000003,200.0,1.0,-17,0.00011366795764123941,16.725502480220555
fixed-00000003,200.0,1.0,-16,0.00014441713988911625,16.224541946816103
fixed-00000003,200.0,1.0,-15,0.00011124993097177835,15.708054798730387
fixed-00000003,200.0,1.0,-14,0.00017052506373074902,15.174454773733487
fixed-00000003,200.0,1.0,-13,0.0002193656900262258,14.62186751998344
fixed-00000003,200.0,1.0,-12,0.00017357832902947285,14.048051607021762
fixed-00000003,200.0,1.0,-11,0.0002861584229441317,13.450289306669404
fixed-00000003,200.0,1.0,-10,0.0003657067907258493,12.825231674657005
fixed-00000003,200.0,1.0,-9,0.0003396740163599994,12.168672136576347
fixed-00000003,200.0,1.0,-8,0.000509679409818486,11.47520357492894
fixed-00000003,200.0,1.0,-7,0.0007493313723088158,10.73767603484525
fixed-00000003,200.0,1.0,-6,0.0008934693785273399,9.946291914593857
fixed-00000003,200.0,1.0,-5,0.0008429703203491422,9.08698951744077
fixed-00000003,200.0,1.0,-4,0.002902638665684768,8.138281537089384
fixed-00000003,200.0,1.0,-3,0.0030803356356070657,7.064236648516598
fixed-00000003,200.0,1.0,-2,0.0038870508798537003,5.795583718663309
fixed-00000003,200.0,1.0,-1,0.062137043691718255,4.157842361919549
fixed-00000003,200.0,1.0,0,0.73219559574625,0.9999999999999005
fixed-00000003,200.0,1.0,1,0.0,0.0
fixed-00000003,200.0,1.0,2,0.0,0.0
fixed-00000003,200.0,1.0,3,0.0,0.0
fixed-00000003,200.0,1.0,4,0.0,0.0
fixed-00000003,200.0,1.0,5,0.0,0.0
fixed-00000003,200.0,1.0,6,0.0,0.0
fixed-00000003,200.0,1.0,7,0.0,0.0
fixed-00000003,200.0,1.0,8,0.0,0.0
fixed-00000003,200.0,1.0,9,0.0,0.0
fixed-00000003,200.0,1.0,10,0.0,0.0
fixed-00000003,200.0,1.0,11,0.0,0.0
fixed-00000003,200.0,1.0,12,0.0,0.0
fixed-00000003,200.0,1.0,13,0.0,0.0
fixed-00000003,200.0,1.0,14,0.0,0.0
fixed-00000003,200.0,1.0,15,0.0,0.0
fixed-00000003,200.0,1.0,16,0.0,0.0
fixed-00000003,200.0,1.0,17,0.0,0.0
fixed-00000003,200.0,1.0,18,0.0,0.0
fixed-00000003,200.0,1.0,19,0.0,0.0
fixed-00000003,200.0,1.0,20,0.0,0.0
fixed-00000004,250.0,1.0,-20,0.00013877465714730306,16.224541946816103
fixed-00000004,250.0,1.0,-19,0.00013445058764024952,15.812666770424045
fixed-00000004,250.0,1.0,-18,0.00011112648709159626,15.39006102882584
fixed-00000004,250.0,1.0,-17,0.00014480797228779026,14.955814631227568
fixed-00000004,250.0,1.0,-16,0.00018519793756325501,14.508881918732442
fixed-00000004,250.0,1.0,-15,0.00014367585835596262,14.04805160702179
fixed-00000004,250.0,1.0,-14,0.00021333121995687867,13.571907578684105
fixed-00000004,250.0,1.0,-13,0.00028660144324856734,13.078776871562113
fixed-00000004,250.0,1.0,-12,0.00021124669481341747,12.566659349146164
fixed-00000004,250.0,1.0,-11,0.0003649383213479351,12.033130491838932
fixed-00000004,250.0,1.0,-10,0.0004740029898844866,11.47520357492894
fixed-00000004,250.0,1.0,-9,0.00038621351734984975,10.889128344940588
fixed-00000004,250.0,1.0,-8,0.0006814070322577657,10.270086295017776
fixed-00000004,250.0,1.0,-7,0.0008899484111966467,9.61170912478832
fixed-00000004,250.0,1.0,-6,0.0010264596110513594,8.90527605162471
fixed-00000004,250.0,1.0,-5,0.0011875638737737714,8.138281537089412
fixed-00000004,250.0,1.0,-4,0.0031385654739727493,7.291638560744261
fixed-00000004,250.0,1.0,-3,0.004033099305162065,6.333484609522728
fixed-00000004,250.0,1.0,-2,0.004114532371926493,5.202568190854237
fixed-00000004,250.0,1.0,-1,0.07866397831393336,3.7455366221714144
fixed-00000004,250.0,1.0,0,0.6649438211160851,0.9999999999999005
fixed-00000004,250.0,1.0,1,0.0,0.0
fixed-00000004,250.0,1.0,2,0.0,0.0
fixed-00000004,250.0,1.0,3,0.0,0.0
fixed-00000004,250.0,1.0,4,0.0,0.0
fixed-00000004,250.0,1.0,5,0.0,0.0
fixed-00000004,250.0,1.0,6,0.0,0.0
fixed-00000004,250.0,1.0,7,0.0,0.0
fixed-00000004,250.0,1.0,8,0.0,0.0
fixed-00000004,250.0,1.0,9,0.0,0.0
fixed-00000004,250.0,1.0,10,0.0,0.0
fixed-00000004,250.0,1.0,11,0.0,0.0
fixed-00000004,250.0,1.0,12,0.0,0.0
fixed-00000004,250.0,1.0,13,0.0,0.0
fixed-00000004,250.0,1.0,14,0.0,0.0
fixed-00000004,250.0,1.0,15,0.0,0.0
fixed-00000004,250.0,1.0,16,0.0,0.0
fixed-00000004,250.0,1.0,17,0.0,0.0
fixed-00000004,250.0,1.0,18,0.0,0.0
fixed-00000004,250.0,1.0,19,0.0,0.0
fixed-00000004,250.0,1.0,20,0.0,0.0
fixed-00000005,300.0,1.0,-20,0.00018311600229058028,14.808302728188039
fixed-00000005,300.0,1.0,-19,0.00016199374874830878,14.433077444887786
fixed-00000005,300.0,1.0,-18,0.0001401503901788498,14.048051607021762
fixed-00000005,300.0,1.0,-17,0.00018292514320908908,13.652395750554817
fixed-00000005,300.0,1.0,-16,0.00022273552317154287,13.245156988362638
fixed-00000005,300.0,1.0,-15,0.00018517999990596277,12.825231674657076
fixed-00000005,300.0,1.0,-14,0.0002615315380306793,12.3913297567059
fixed-00000005,300.0,1.0,-13,0.0003593912106206157,11.941927498491978
fixed-00000005,300.0,1.0,-12,0.00026780067153193114,11.47520357492894
fixed-00000005,300.0,1.0,-11,0.00045260594525975737,10.988950774999566
fixed-00000005,300.0,1.0,-10,0.0006230973717072353,10.480450869119537
fixed-00000005,300.0,1.0,-9,0.0004588414581096314,9.946291914593942
fixed-00000005,300.0,1.0,-8,0.0009031326926848364,9.382091896469547
fixed-00000005,300.0,1.0,-7,0.0011500301085334166,8.782062336109831
fixed-00000005,300.0,1.0,-6,0.0011816304494475204,8.138281537089384
fixed-00000005,300.0,1.0,-5,0.001753369269605363,7.439399360019209
fixed-00000005,300.0,1.0,-4,0.003488653690056905,6.668112195698512
fixed-00000005,300.0,1.0,-3,0.005192769561005595,5.795583718663437
fixed-00000005,300.0,1.0,-2,0.004544941513176218,4.766536061449884
fixed-00000005,300.0,1.0,-1,0.09672359161372149,3.443390546684313
fixed-00000005,300.0,1.0,0,0.6126942125483115,0.9999999999999005
fixed-00000005,300.0,1.0,1,0.0,0.0
fixed-00000005,300.0,1.0,2,0.0,0.0
fixed-00000005,300.0,1.0,3,0.0,0.0
fixed-00000005,300.0,1.0,4,0.0,0.0
fixed-00000005,300.0,1.0,5,0.0,0.0
fixed-00000005,300.0,1.0,6,0.0,0.0
fixed-00000005,300.0,1.0,7,0.0,0.0
fixed-00000005,300.0,1.0,8,0.0,0.0
fixed-00000005,300.0,1.0,9,0.0,0.0
fixed-00000005,300.0,1.0,10,0.0,0.0
fixed-00000005,300.0,1.0,11,0.0,0.0
fixed-00000005,300.0,1.0,12,0.0,0.0
fixed-00000005,300.0,1.0,13,0.0,0.0
fixed-00000005,300.0,1.0,14,0.0,0.0
fixed-00000005,300.0,1.0,15,0.0,0.0
fixed-00000005,300.0,1.0,16,0.0,0.0
fixed-00000005,300.0,1.0,17,0.0,0.0
fixed-00000005,300.0,1.0,18,0.0,0.0
fixed-00000005,300.0,1.0,19,0.0,0.0
fixed-00000005,300.0,1.0,20,0.0,0.0
fixed-00000006,350.0,1.0,-20,0.00023511517565464238,13.70960345853814
fixed-00000006,350.0,1.0,-19,0.00019494541175018844,13.362754051778325
fixed-00000006,350.0,1.0,-18,0.000171469339257235,13.00683110386629
fixed-00000006,350.0,1.0,-17,0.0002320807057011655,12.641068008104696
fixed-00000006,350.0,1.0,-16,0.0002629604777089489,12.264584206873764
fixed-00000006,350.0,1.0,-15,0.00023580609432139843,11.876359980061153
fixed-00000006,350.0,1.0,-14,0.0003220065915306291,11.475203574928969
fixed-00000006,350.0,1.0,-13,0.0004356226325021601,11.059707626431845
fixed-00000006,350.0,1.0,-12,0.0003459744938625128,10.62819026730972
fixed-00000006,350.0,1.0,-11,0.0005461860932135613,10.17861379153652
fixed-00000006,350.0,1.0,-10,0.0007968221853281839,9.708469435091871
fixed-00000006,350.0,1.0,-9,0.0005606805481712464,9.214609239931832
fixed-00000006,350.0,1.0,-8,0.001134368591237318,8.692991870815689
fixed-00000006,350.0,1.0,-7,0.0015000866893237384,8.138281537089412
fixed-00000006,350.0,1.0,-6,0.0013310275423112693,7.5431806638187595
fixed-00000006,350.0,1.0,-5,0.0024477820448098866,6.897241990486336
fixed-00000006,350.0,1.0,-4,0.0039033906990860907,6.184556490979958
fixed-00000006,350.0,1.0,-3,0.006361495816099007,5.378656453875976
fixed-00000006,350.0,1.0,-2,0.005184876579387326,4.428945793077645
fixed-00000006,350.0,1.0,-1,0.11433846105301043,3.2102306386706374
fixed-00000006,350.0,1.0,0,0.565608081400141,1.0000000000002558
fixed-00000006,350.0,1.0,1,0.0,0.0
fixed-00000006,350.0,1.0,2,0.0,0.0
fixed-00000006,350.0,1.0,3,0.0,0.0
fixed-00000006,350.0,1.0,4,0.0,0.0
fixed-00000006,350.0,1.0,5,0.0,0.0
fixed-00000006,350.0,1.0,6,0.0,0.0
fixed-00000006,350.0,1.0,7,0.0,0.0
fixed-00000006,350.0,1.0,8,0.0,0.0
fixed-00000006,350.0,1.0,9,0.0,0.0
fixed-00000006,350.0,1.0,10,0.0,0.0
fixed-00000006,350.0,1.0,11,0.0,0.0
fixed-00000006,350.0,1.0,12,0.0,0.0
fixed-00000006,350.0,1.0,13,0.0,0.0
fixed-00000006,350.0,1.0,14,0.0,0.0
fixed-00000006,350.0,1.0,15,0.0,0.0
fixed-00000006,350.0,1.0,16,0.0,0.0
fixed-00000006,350.0,1.0,17,0.0,0.0
fixed-00000006,350.0,1.0,18,0.0,0.0
fixed-00000006,350.0,1.0,19,0.0,0.0
fixed-00000006,350.0,1.0,20,0.0,0.0
fixed-00000007,400.0,1.0,-20,0.0002826719759356749,12.825231674657005
fixed-00000007,400.0,1.0,-19,0.00023177322880247296,12.5011943484392
fixed-00000007,400.0,1.0,-18,0.0002008494532575538,12.168672136576347
fixed-00000007,400.0,1.0,-17,0.000289929274191687,11.826949241502433
fixed-00000007,400.0,1.0,-16,0.0003067888756888436,11.47520357492894
fixed-00000007,400.0,1.0,-15,0.000290947165853051,11.112483265041845
fixed-00000007,400.0,1.0,-14,0.00040358701641576334,10.73767603484525
fixed-00000007,400.0,1.0,-13,0.0005148459540223838,10.349468614901113
fixed-00000007,400.0,1.0,-12,0.0004497714499512697,9.946291914593857
fixed-00000007,400.0,1.0,-11,0.0006672402517872594,9.526245322430412
fixed-00000007,400.0,1.0,-10,0.0009945928211315396,9.08698951744077
fixed-00000007,400.0,1.0,-9,0.0007235231352390008,8.625590130387735
fixed-00000007,400.0,1.0,-8,0.0013986485883601026,8.138281537089384
fixed-00000007,400.0,1.0,-7,0.0019839747158612183,7.620094418422823
fixed-00000007,400.0,1.0,-6,0.0015353036136385079,7.064236648516598
fixed-00000007,400.0,1.0,-5,0.0033322760162444267,6.46099252797751
fixed-00000007,400.0,1.0,-4,0.004566381622560916,5.795583718663309
fixed-00000007,400.0,1.0,-3,0.0075965466163695665,5.043464547841566
fixed-00000007,400.0,1.0,-2,0.006347969983367534,4.157842361919549
fixed-00000007,400.0,1.0,-1,0.13203908378298854,3.0235976374505924
fixed-00000007,400.0,1.0,0,0.5258693276646569,0.9999999999999005
fixed-00000007,400.0,1.0,1,0.0,0.0
fixed-00000007,400.0,1.0,2,0.0,0.0
fixed-00000007,400.0,1.0,3,0.0,0.0
fixed-00000007,400.0,1.0,4,0.0,0.0
fixed-00000007,400.0,1.0,5,0.0,0.0
fixed-00000007,400.0,1.0,6,0.0,0.0
fixed-00000007,400.0,1.0,7,0.0,0.0
fixed-00000007,400.0,1.0,8,0.0,0.0
fixed-00000007,400.0,1.0,9,0.0,0.0
fixed-00000007,400.0,1.0,10,0.0,0.0
fixed-00000007,400.0,1.0,11,0.0,0.0
fixed-00000007,400.0,1.0,12,0.0,0.0
fixed-00000007,400.0,1.0,13,0.0,0.0
fixed-00000007,400.0,1.0,14,0.0,0.0
fixed-00000007,400.0,1.0,15,0.0,0.0
fixed-00000007,400.0,1.0,16,0.0,0.0
fixed-00000007,400.0,1.0,17,0.0,0.0
fixed-00000007,400.0,1.0,18,0.0,0.0
fixed-00000007,400.0,1.0,19,0.0,0.0
fixed-00000007,400.0,1.0,20,0.0,0.0
fixed-00000008,450.0,1.0,-20,0.0002915053259412481,12.093555972827815
fixed-00000008,450.0,1.0,-19,0.0002448577469005753,11.788377532697865
fixed-00000008,450.0,1.0,-18,0.00020867655961253552,11.475203574928997
fixed-00000008,450.0,1.0,-17,0.00031995126934944,11.15336049625634
fixed-00000008,450.0,1.0,-16,0.00032542553417454076,10.822074767373266
fixed-00000008,450.0,1.0,-15,0.00031752438163142494,10.480450869119537
fixed-00000008,450.0,1.0,-14,0.00046254334260178304,10.127442540522438
fixed-00000008,450.0,1.0,-13,0.0005525425594589346,9.761814680303885
fixed-00000008,450.0,1.0,-12,0.0005248472382348654,9.382091896469547
fixed-00000008,450.0,1.0,-11,0.0007642976458946066,8.986487496754833
fixed-00000008,450.0,1.0,-10,0.001120921636669167,8.572802983664758
fixed-00000008,450.0,1.0,-9,0.0008814852817243424,8.138281537089412
fixed-00000008,450.0,1.0,-8,0.0015983951800676258,7.679386778529235
fixed-00000008,450.0,1.0,-7,0.0024251695184786264,7.191454190661915
fixed-00000008,450.0,1.0,-6,0.0017257702595346528,6.668112195698555
fixed-00000008,450.0,1.0,-5,0.004157395544302014,6.100254057233457
fixed-00000008,450.0,1.0,-4,0.005326386253235439,5.474043198523489
fixed-00000008,450.0,1.0,-3,0.008507881579258879,4.766536061449884
fixed-00000008,450.0,1.0,-2,0.007990914597818642,3.934113428042167
fixed-00000008,450.0,1.0,-1,0.14607511383007665,2.870068623907983
fixed-00000008,450.0,1.0,0,0.48577479077841074,1.0000000000002558
fixed-00000008,450.0,1.0,1,0.0,0.0
fixed-00000008,450.0,1.0,2,0.0,0.0
fixed-00000008,450.0,1.0,3,0.0,0.0
fixed-00000008,450.0,1.0,4,0.0,0.0
fixed-00000008,450.0,1.0,5,0.0,0.0
fixed-00000008,450.0,1.0,6,0.0,0.0
fixed-00000008,450.0,1.0,7,0.0,0.0
fixed-00000008,450.0,1.0,8,0.0,0.0
fixed-00000008,450.0,1.0,9,0.0,0.0
fixed-00000008,450.0,1.0,10,0.0,0.0
fixed-00000008,450.0,1.0,11,0.0,0.0
fixed-00000008,450.0,1.0,12,0.0,0.0
fixed-00000008,450.0,1.0,13,0.0,0.0
fixed-00000008,450.0,1.0,14,0.0,0.0
fixed-00000008,450.0,1.0,15,0.0,0.0
fixed-00000008,450.0,1.0,16,0.0,0.0
fixed-00000008,450.0,1.0,17,0.0,0.0
fixed-00000008,450.0,1.0,18,0.0,0.0
fixed-00000008,450.0,1.0,19,0.0,0.0
fixed-00000008,450.0,1.0,20,0.0,0.0
fixed-00000009,500.0,1.0,-20,0.0002777283747051406,11.47520357492894
fixed-00000009,500.0,1.0,-19,0.00024137578466574167,11.185956085815334
fixed-00000009,500.0,1.0,-18,0.00020513257778217916,10.889128344940588
fixed-00000009,500.0,1.0,-17,0.0003285737623041672,10.584082530518359
fixed-00000009,500.0,1.0,-16,0.0003286668469875563,10.270086295017776
fixed-00000009,500.0,1.0,-15,0.0003254620121372655,9.946291914593857
fixed-00000009,500.0,1.0,-14,0.0005027270693941653,9.61170912478832
fixed-00000009,500.0,1.0,-13,0.0005670560003916346,9.265169135753638
fixed-00000009,500.0,1.0,-12,0.0005760017231502033,8.90527605162471
fixed-00000009,500.0,1.0,-11,0.0008511074405667183,8.530339845979128
fixed-00000009,500.0,1.0,-10,0.0011974360965674989,8.138281537089412
fixed-00000009,500.0,1.0,-9,0.0010373622731103091,7.726495019799344
fixed-00000009,500.0,1.0,-8,0.0017721724595566655,7.291638560744261
fixed-00000009,500.0,1.0,-7,0.0028210943653869795,6.8293065151785015
fixed-00000009,500.0,1.0,-6,0.0019537389559063935,6.333484609522728
fixed-00000009,500.0,1.0,-5,0.004922973724948604,5.79558371866338
fixed-00000009,500.0,1.0,-4,0.00625315194150089,5.202568190854237
fixed-00000009,500.0,1.0,-3,0.009201155214471488,4.532857928715643
fixed-00000009,500.0,1.0,-2,0.010198981951651278,3.7455366221714144
fixed-00000009,500.0,1.0,-1,0.15725360903383226,2.7410663663429062
fixed-00000009,500.0,1.0,0,0.4479462337429818,0.9999999999999005
fixed-00000009,500.0,1.0,1,0.0,0.0
fixed-00000009,500.0,1.0,2,0.0,0.0
fixed-00000009,500.0,1.0,3,0.0,0.0
fixed-00000009,500.0,1.0,4,0.0,0.0
fixed-00000009,500.0,1.0,5,0.0,0.0
fixed-00000009,500.0,1.0,6,0.0,0.0
fixed-00000009,500.0,1.0,7,0.0,0.0
fixed-00000009,500.0,1.0,8,0.0,0.0
fixed-00000009,500.0,1.0,9,0.0,0.0
fixed-00000009,500.0,1.0,10,0.0,0.0
fixed-00000009,500.0,1.0,11,0.0,0.0
fixed-00000009,500.0,1.0,12,0.0,0.0
fixed-00000009,500.0,1.0,13,0.0,0.0
fixed-00000009,500.0,1.0,14,0.0,0.0
fixed-00000009,500.0,1.0,15,0.0,0.0
fixed-00000009,500.0,1.0,16,0.0,0.0
fixed-00000009,500.0,1.0,17,0.0,0.0
fixed-00000009,500.0,1.0,18,0.0,0.0
fixed-00000009,500.0,1.0,19,0.0,0.0
fixed-00000009,500.0,1.0,20,0.0,0.0
fixed-00000010,550.0,1.0,-20,0.00027984949258393993,10.943688444066808
fixed-00000010,550.0,1.0,-19,0.0002506487767787863,10.668131772290067
fixed-00000010,550.0,1.0,-18,0.00021401539818288328,10.38535307302871
fixed-00000010,550.0,1.0,-17,0.00034964589050256534,10.094745379190144
fixed-00000010,550.0,1.0,-16,0.00035083108182467395,9.795611857277493
fixed-00000010,550.0,1.0,-15,0.0003473505971667058,9.487146004258037
fixed-00000010,550.0,1.0,-14,0.0005639528404922004,9.168405854160596
fixed-00000010,550.0,1.0,-13,0.0006093377090406044,8.83827981874039
fixed-00000010,550.0,1.0,-12,0.0006479589692670495,8.495440585708593
fixed-00000010,550.0,1.0,-11,0.0009783713450660697,8.138281537089327
fixed-00000010,550.0,1.0,-10,0.001305378196738429,7.764826833112082
fixed-00000010,550.0,1.0,-9,0.0012406464262370814,7.3726004611447
fixed-00000010,550.0,1.0,-8,0.0019867090848074685,6.958428738824992
fixed-00000010,550.0,1.0,-7,0.0032612937062794062,6.518129586978731
fixed-00000010,550.0,1.0,-6,0.0022619491248319825,6.045997408429116
fixed-00000010,550.0,1.0,-5,0.005666635495125447,5.533890428088924
fixed-00000010,550.0,1.0,-4,0.007380781172596695,4.969465549007921
fixed-00000010,550.0,1.0,-3,0.009780544977666648,4.332322366851486
fixed-00000010,550.0,1.0,-2,0.01289837179898238,3.5838847252344834
fixed-00000010,550.0,1.0,-1,0.1668637075292835,2.630822011397143
fixed-00000010,550.0,1.0,0,0.41346292155872416,0.9999999999999005
fixed-00000010,550.0,1.0,1,0.0,0.0
fixed-00000010,550.0,1.0,2,0.0,0.0
fixed-00000010,550.0,1.0,3,0.0,0.0
fixed-00000010,550.0,1.0,4,0.0,0.0
fixed-00000010,550.0,1.0,5,0.0,0.0
fixed-00000010,550.0,1.0,6,0.0,0.0
fixed-00000010,550.0,1.0,7,0.0,0.0
fixed-00000010,550.0,1.0,8,0.0,0.0
fixed-00000010,550.0,1.0,9,0.0,0.0
fixed-00000010,550.0,1.0,10,0.0,0.0
fixed-00000010,550.0,1.0,11,0.0,0.0
fixed-00000010,550.0,1.0,12,0.0,0.0
fixed-00000010,550.0,1.0,13,0.0,0.0
fixed-00000010,550.0,1.0,14,0.0,0.0
fixed-00000010,550.0,1.0,15,0.0,0.0
fixed-00000010,550.0,1.0,16,0.0,0.0
fixed-00000010,550.0,1.0,17,0.0,0.0
fixed-00000010,550.0,1.0,18,0.0,0.0
fixed-00000010,550.0,1.0,19,0.0,0.0
fixed-00000010,550.0,1.0,20,0.0,0.0
fixed-00000011,600.0,1.0,-20,0.00024312669482835704,10.480450869119537
fixed-00000011,600.0,1.0,-19,0.00022405957625887556,10.216825803394173
fixed-00000011,600.0,1.0,-18,0.00019953939726927543,9.946291914593942
fixed-00000011,600.0,1.0,-17,0.0003288696841467144,9.668269207658625
fixed-00000011,600.0,1.0,-16,0.0003333652673086085,9.382091896469547
fixed-00000011,600.0,1.0,-15,0.0003351477898731214,9.08698951744077
fixed-00000011,600.0,1.0,-14,0.0005706565085709332,8.782062336109831
fixed-00000011,600.0,1.0,-13,0.0006007992797140446,8.46624878593309
fixed-00000011,600.0,1.0,-12,0.0006647161295858726,8.138281537089384
fixed-00000011,600.0,1.0,-11,0.0010564980856311102,7.796626930160684
fixed-00000011,600.0,1.0,-10,0.0013297142327554988,7.439399360019209
fixed-00000011,600.0,1.0,-9,0.0013926507411107653,7.064236648516598
fixed-00000011,600.0,1.0,-8,0.002186965097978635,6.668112195698512
fixed-00000011,600.0,1.0,-7,0.0035792378968600744,6.247039644871506
fixed-00000011,600.0,1.0,-6,0.0026481559610413196,5.795583718663437
fixed-00000011,600.0,1.0,-5,0.006347634386866567,5.305994553811189
fixed-00000011,600.0,1.0,-4,0.008711593829681069,4.766536061449884
fixed-00000011,600.0,1.0,-3,0.010220341499789367,4.157842361919549
fixed-00000011,600.0,1.0,-2,0.0163509801361345,3.443390546684313
fixed-00000011,600.0,1.0,-1,0.1734512693729344,2.535295068612527
fixed-00000011,600.0,1.0,0,0.3821845137056878,0.9999999999999005
fixed-00000011,600.0,1.0,1,0.0,0.0
fixed-00000011,600.0,1.0,2,0.0,0.0
fixed-00000011,600.0,1.0,3,0.0,0.0
fixed-00000011,600.0,1.0,4,0.0,0.0
fixed-00000011,600.0,1.0,5,0.0,0.0
fixed-00000011,600.0,1.0,6,0.0,0.0
fixed-00000011,600.0,1.0,7,0.0,0.0
fixed-00000011,600.0,1.0,8,0.0,0.0
fixed-00000011,600.0,1.0,9,0.0,0.0
fixed-00000011,600.0,1.0,10,0.0,0.0
fixed-00000011,600.0,1.0,11,0.0,0.0
fixed-00000011,600.0,1.0,12,0.0,0.0
fixed-00000011,600.0,1.0,13,0.0,0.0
fixed-00000011,600.0,1.0,14,0.0,0.0
fixed-00000011,600.0,1.0,15,0.0,0.0
fixed-00000011,600.0,1.0,16,0.0,0.0
fixed-00000011,600.0,1.0,17,0.0,0.0
fixed-00000011,600.0,1.0,18,0.0,0.0
fixed-00000011,600.0,1.0,19,0.0,0.0
fixed-00000011,600.0,1.0,20,0.0,0.0
fixed-00000012,650.0,1.0,-20,0.00021749772942861515,10.072047349854984
fixed-00000012,650.0,1.0,-19,0.0002049576801126491,9.818942419418107
fixed-00000012,650.0,1.0,-18,0.00019205337110184256,9.559205598242784
fixed-00000012,650.0,1.0,-17,0.00031557424620937146,9.292280738687793
fixed-00000012,650.0,1.0,-16,0.00032519499549580927,9.017529507351313
fixed-00000012,650.0,1.0,-15,0.0003331038025930798,8.734213310145037
fixed-00000012,650.0,1.0,-14,0.0005849922160479063,8.441469761268237
fixed-00000012,650.0,1.0,-13,0.0006094530885650354,8.138281537089384
fixed-00000012,650.0,1.0,-12,0.000693172977246482,7.823434367243777
fixed-00000012,650.0,1.0,-11,0.0011562744031074388,7.4954591392382355
fixed-00000012,650.0,1.0,-10,0.0013808462222978854,7.152550092003793
fixed-00000012,650.0,1.0,-9,0.0015702020386766731,6.792445792546317
fixed-00000012,650.0,1.0,-8,0.0024444184017895073,6.412249839264305
fixed-00000012,650.0,1.0,-7,0.003916489042286055,6.008149174560671
fixed-00000012,650.0,1.0,-6,0.0031386264970941556,5.574947943173655
fixed-00000012,650.0,1.0,-5,0.00701431797953773,5.105243521557625
fixed-00000012,650.0,1.0,-4,0.01022715929503016,4.5878378630649195
fixed-00000012,650.0,1.0,-3,0.010595045929275244,4.004282497280798
fixed-00000012,650.0,1.0,-2,0.02031865757776874,3.3198760240076126
fixed-00000012,650.0,1.0,-1,0.17840075420540355,2.4515609248788337
fixed-00000012,650.0,1.0,0,0.3540805528147665,0.9999999999999005
fixed-00000012,650.0,1.0,1,0.0,0.0
fixed-00000012,650.0,1.0,2,0.0,0.0
fixed-00000012,650.0,1.0,3,0.0,0.0
fixed-00000012,650.0,1.0,4,0.0,0.0
fixed-00000012,650.0,1.0,5,0.0,0.0
fixed-00000012,650.0,1.0,6,0.0,0.0
fixed-00000012,650.0,1.0,7,0.0,0.0
fixed-00000012,650.0,1.0,8,0.0,0.0
fixed-00000012,650.0,1.0,9,0.0,0.0
fixed-00000012,650.0,1.0,10,0.0,0.0
fixed-00000012,650.0,1.0,11,0.0,0.0
fixed-00000012,650.0,1.0,12,0.0,0.0
fixed-00000012,650.0,1.0,13,0.0,0.0
fixed-00000012,650.0,1.0,14,0.0,0.0
fixed-00000012,650.0,1.0,15,0.0,0.0
fixed-00000012,650.0,1.0,16,0.0,0.0
fixed-00000012,650.0,1.0,17,0.0,0.0
fixed-00000012,650.0,1.0,18,0.0,0.0
fixed-00000012,650.0,1.0,19,0.0,0.0
fixed-00000012,650.0,1.0,20,0.0,0.0
fixed-00000013,700.0,1.0,-20,0.00017235908973383489,9.708469435091871
fixed-00000013,700.0,1.0,-19,0.00016540690493606008,9.464731683897952
fixed-00000013,700.0,1.0,-18,0.00016564237100211593,9.214609239931832
fixed-00000013,700.0,1.0,-17,0.0002724355292211741,8.957567243854413
fixed-00000013,700.0,1.0,-16,0.0002836704539425592,8.692991870815689
fixed-00000013,700.0,1.0,-15,0.0003010867983984289,8.420172980775106
fixed-00000013,700.0,1.0,-14,0.000541939619471315,8.138281537089412
fixed-00000013,700.0,1.0,-13,0.000562347201202662,7.846339725460851
fixed-00000013,700.0,1.0,-12,0.0006582027983389521,7.5431806638187595
fixed-00000013,700.0,1.0,-11,0.0011596667791993465,7.227392895511443
fixed-00000013,700.0,1.0,-10,0.0013275552156672842,6.897241990486336
fixed-00000013,700.0,1.0,-9,0.001623388530873888,6.550556535596158
fixed-00000013,700.0,1.0,-8,0.0025986242040929755,6.184556490979958
fixed-00000013,700.0,1.0,-7,0.004016722607355326,5.79558371866338
fixed-00000013,700.0,1.0,-6,0.0035732539071487044,5.378656453875976
fixed-00000013,700.0,1.0,-5,0.00749196466587055,4.926682676009165
fixed-00000013,700.0,1.0,-4,0.011611003226962457,4.428945793077645
fixed-00000013,700.0,1.0,-3,0.01077038641090622,3.8678185799451796
fixed-00000013,700.0,1.0,-2,0.024581480535103097,3.2102306386706374
fixed-00000013,700.0,1.0,-1,0.17939744854888692,2.3774441680474325
fixed-00000013,700.0,1.0,0,0.3270942587836938,1.0000000000002558
fixed-00000013,700.0,1.0,1,0.0,0.0
fixed-00000013,700.0,1.0,2,0.0,0.0
fixed-00000013,700.0,1.0,3,0.0,0.0
fixed-00000013,700.0,1.0,4,0.0,0.0
fixed-00000013,700.0,1.0,5,0.0,0.0
fixed-00000013,700.0,1.0,6,0.0,0.0
fixed-00000013,700.0,1.0,7,0.0,0.0
fixed-00000013,700.0,1.0,8,0.0,0.0
fixed-00000013,700.0,1.0,9,0.0,0.0
fixed-00000013,700.0,1.0,10,0.0,0.0
fixed-00000013,700.0,1.0,11,0.0,0.0
fixed-00000013,700.0,1.0,12,0.0,0.0
fixed-00000013,700.0,1.0,13,0.0,0.0
fixed-00000013,700.0,1.0,14,0.0,0.0
fixed-00000013,700.0,1.0,15,0.0,0.0
fixed-00000013,700.0,1.0,16,0.0,0.0
fixed-00000013,700.0,1.0,17,0.0,0.0
fixed-00000013,700.0,1.0,18,0.0,0.0
fixed-00000013,700.0,1.0,19,0.0,0.0
fixed-00000013,700.0,1.0,20,0.0,0.0
fixed-00000014,750.0,1.0,-20,0.00014063585647409733,9.38209189646949
fixed-00000014,750.0,1.0,-19,0.0001375487919515868,9.146765089951302
fixed-00000014,750.0,1.0,-18,0.00014738037554746307,8.90527605162471
fixed-00000014,750.0,1.0,-17,0.0002400324575040184,8.657109082952871
fixed-00000014,750.0,1.0,-16,0.0002532271321652667,8.401672419964271
fixed-00000014,750.0,1.0,-15,0.0002800487349815673,8.138281537089384
fixed-00000014,750.0,1.0,-14,0.0005092426496183073,7.866137421553901
fixed-00000014,750.0,1.0,-13,0.0005322099945803585,7.584297832584511
fixed-00000014,750.0,1.0,-12,0.0006353078784543377,7.291638560744261
fixed-00000014,750.0,1.0,-11,0.0011726241519749662,6.9868000747582215
fixed-00000014,750.0,1.0,-10,0.0013006733040858086,6.668112195698512
fixed-00000014,750.0,1.0,-9,0.0016826051858971555,6.333484609522671
fixed-00000014,750.0,1.0,-8,0.0027772502343143997,5.980242127888673
fixed-00000014,750.0,1.0,-7,0.0041139789491707705,5.6048662403147915
fixed-00000014,750.0,1.0,-6,0.004044309719107479,5.202568190854294
fixed-00000014,750.0,1.0,-5,0.007932575313834447,4.766536061449884
fixed-00000014,750.0,1.0,-4,0.012987804309326422,4.286487582743973
fixed-00000014,750.0,1.0,-3,0.010896201237358702,3.745536622171329
fixed-00000014,750.0,1.0,-2,0.029027752267309317,3.112084814132203
fixed-00000014,750.0,1.0,-1,0.17868948780576735,2.31128907682438
fixed-00000014,750.0,1.0,0,0.3026679921388626,0.9999999999999005
fixed-00000014,750.0,1.0,1,0.0,0.0
fixed-00000014,750.0,1.0,2,0.0,0.0
fixed-00000014,750.0,1.0,3,0.0,0.0
fixed-00000014,750.0,1.0,4,0.0,0.0
fixed-00000014,750.0,1.0,5,0.0,0.0
fixed-00000014,750.0,1.0,6,0.0,0.0
fixed-00000014,750.0,1.0,7,0.0,0.0
fixed-00000014,750.0,1.0,8,0.0,0.0
fixed-00000014,750.0,1.0,9,0.0,0.0
fixed-00000014,750.0,1.0,10,0.0,0.0
fixed-00000014,750.0,1.0,11,0.0,0.0
fixed-00000014,750.0,1.0,12,0.0,0.0
fixed-00000014,750.0,1.0,13,0.0,0.0
fixed-00000014,750.0,1.0,14,0.0,0.0
fixed-00000014,750.0,1.0,15,0.0,0.0
fixed-00000014,750.0,1.0,16,0.0,0.0
fixed-00000014,750.0,1.0,17,0.0,0.0
fixed-00000014,750.0,1.0,18,0.0,0.0
fixed-00000014,750.0,1.0,19,0.0,0.0
fixed-00000014,750.0,1.0,20,0.0,0.0
fixed-00000015,800.0,1.0,-20,0.00010812208540770662,9.08698951744077
fixed-00000015,800.0,1.0,-19,0.00010872392109740073,8.859270130665593
fixed-00000015,800.0,1.0,-18,0.00012713810471412458,8.625590130387735
fixed-00000015,800.0,1.0,-17,0.000203526790606081,8.385451187308036
fixed-00000015,800.0,1.0,-16,0.00021597670041555554,8.138281537089384
fixed-00000015,800.0,1.0,-15,0.00025464876010101127,7.883419877271834
fixed-00000015,800.0,1.0,-14,0.0004636892537211146,7.620094418422823
fixed-00000015,800.0,1.0,-13,0.0004900921152397392,7.347395178419632
fixed-00000015,800.0,1.0,-12,0.0006043243646839515,7.064236648516598
fixed-00000015,800.0,1.0,-11,0.0011615318011466017,6.7693063957456445
fixed-00000015,800.0,1.0,-10,0.0012646137167430574,6.46099252797751
fixed-00000015,800.0,1.0,-9,0.0017305076325924438,6.137278314275221
fixed-00000015,800.0,1.0,-8,0.0029881580809386684,5.795583718663309
fixed-00000015,800.0,1.0,-7,0.004228256280556153,5.432516969699677
fixed-00000015,800.0,1.0,-6,0.004650806131145403,5.043464547841566
fixed-00000015,800.0,1.0,-5,0.00857388536667354,4.621868916195766
fixed-00000015,800.0,1.0,-4,0.014623907518508967,4.157842361919549
fixed-00000015,800.0,1.0,-3,0.011261948759821729,3.635172170738457
fixed-00000015,800.0,1.0,-2,0.03415904178134434,3.0235976374505924
fixed-00000015,800.0,1.0,-1,0.177489258206842,2.2518105105541792
fixed-00000015,800.0,1.0,0,0.28255980470638603,0.9999999999999005
fixed-00000015,800.0,1.0,1,0.0,0.0
fixed-00000015,800.0,1.0,2,0.0,0.0
fixed-00000015,800.0,1.0,3,0.0,0.0
fixed-00000015,800.0,1.0,4,0.0,0.0
fixed-00000015,800.0,1.0,5,0.0,0.0
fixed-00000015,800.0,1.0,6,0.0,0.0
fixed-00000015,800.0,1.0,7,0.0,0.0
fixed-00000015,800.0,1.0,8,0.0,0.0
fixed-00000015,800.0,1.0,9,0.0,0.0
fixed-00000015,800.0,1.0,10,0.0,0.0
fixed-00000015,800.0,1.0,11,0.0,0.0
fixed-00000015,800.0,1.0,12,0.0,0.0
fixed-00000015,800.0,1.0,13,0.0,0.0
fixed-00000015,800.0,1.0,14,0.0,0.0
fixed-00000015,800.0,1.0,15,0.0,0.0
fixed-00000015,800.0,1.0,16,0.0,0.0
fixed-00000015,800.0,1.0,17,0.0,0.0
fixed-00000015,800.0,1.0,18,0.0,0.0
fixed-00000015,800.0,1.0,19,0.0,0.0
fixed-00000015,800.0,1.0,20,0.0,0.0
fixed-00000016,850.0,1.0,-20,7.876477746063501e-05,8.818478954123606
fixed-00000016,850.0,1.0,-19,8.141191625876599e-05,8.59768406232864
fixed-00000016,850.0,1.0,-18,0.00010540287886271376,8.371112418552386
fixed-00000016,850.0,1.0,-17,0.0001654934771358371,8.138281537089384
fixed-00000016,850.0,1.0,-16,0.0001738522451936408,7.89863789788437
fixed-00000016,850.0,1.0,-15,0.0002207670241829097,7.651541385029205
fixed-00000016,850.0,1.0,-14,0.00040105879263246794,7.396245047307914
fixed-00000016,850.0,1.0,-13,0.00042876831113099163,7.131868337914014
fixed-00000016,850.0,1.0,-12,0.0005494667155687239,6.8573610656013955
fixed-00000016,850.0,1.0,-11,0.0010921891864606324,6.571453783815031
fixed-00000016,850.0,1.0,-10,0.0011778564017558611,6.272587806074569
fixed-00000016,850.0,1.0,-9,0.0016971824283256384,5.958813580720829
fixed-00000016,850.0,1.0,-8,0.003085064128415457,5.6276379589619125
fixed-00000016,850.0,1.0,-7,0.004191601700734061,5.2757849233078105
fixed-00000016,850.0,1.0,-6,0.005150844307347982,4.898801038988552
fixed-00000016,850.0,1.0,-5,0.00915164854732786,4.490361214362096
fixed-00000016,850.0,1.0,-4,0.0160269583797571,4.040938363219041
fixed-00000016,850.0,1.0,-3,0.011639833885001971,3.5349354068072927
fixed-00000016,850.0,1.0,-2,0.03922721282294841,2.9433144432164084
fixed-00000016,850.0,1.0,-1,0.17398121679761266,2.1979939151273555
fixed-00000016,850.0,1.0,0,0.2639129359477507,0.9999999999999005
fixed-00000016,850.0,1.0,1,0.0,0.0
fixed-00000016,850.0,1.0,2,0.0,0.0
fixed-00000016,850.0,1.0,3,0.0,0.0
fixed-00000016,850.0,1.0,4,0.0,0.0
fixed-00000016,850.0,1.0,5,0.0,0.0
fixed-00000016,850.0,1.0,6,0.0,0.0
fixed-00000016,850.0,1.0,7,0.0,0.0
fixed-00000016,850.0,1.0,8,0.0,0.0
fixed-00000016,850.0,1.0,9,0.0,0.0
fixed-00000016,850.0,1.0,10,0.0,0.0
fixed-00000016,850.0,1.0,11,0.0,0.0
fixed-00000016,850.0,1.0,12,0.0,0.0
fixed-00000016,850.0,1.0,13,0.0,0.0
fixed-00000016,850.0,1.0,14,0.0,0.0
fixed-00000016,850.0,1.0,15,0.0,0.0
fixed-00000016,850.0,1.0,16,0.0,0.0
fixed-00000016,850.0,1.0,17,0.0,0.0
fixed-00000016,850.0,1.0,18,0.0,0.0
fixed-00000016,850.0,1.0,19,0.0,0.0
fixed-00000016,850.0,1.0,20,0.0,0.0
fixed-00000017,900.0,1.0,-20,5.6585033010807075e-05,8.572802983664758
fixed-00000017,900.0,1.0,-19,5.838995657733392e-05,8.358346343403682
fixed-00000017,900.0,1.0,-18,8.538355000515694e-05,8.138281537089412
fixed-00000017,900.0,1.0,-17,0.00013227152303099842,7.912140610593141
fixed-00000017,900.0,1.0,-16,0.00013419369727717096,7.679386778529235
fixed-00000017,900.0,1.0,-15,0.00018588828465283791,7.439399360019209
fixed-00000017,900.0,1.0,-14,0.0003335699608314546,7.191454190661915
fixed-00000017,900.0,1.0,-13,0.0003602960351758158,6.934697730532008
fixed-00000017,900.0,1.0,-12,0.00048600463565901436,6.668112195698555
fixed-00000017,900.0,1.0,-11,0.000987279135239856,6.390467588724064
fixed-00000017,900.0,1.0,-10,0.0010630224744214536,6.100254057233457
fixed-00000017,900.0,1.0,-9,0.0016115189276413736,5.79558371866338
fixed-00000017,900.0,1.0,-8,0.0030858336896140443,5.474043198523489
fixed-00000017,900.0,1.0,-7,0.004048800687054918,5.132462777832657
fixed-00000017,900.0,1.0,-6,0.005541676527144752,4.766536061449884
fixed-00000017,900.0,1.0,-5,0.009721778729903544,4.370151510275733
fixed-00000017,900.0,1.0,-4,0.017217725010205576,3.934113428042167
fixed-00000017,900.0,1.0,-3,0.012127340657984645,3.443390546684313
fixed-00000017,900.0,1.0,-2,0.044184029183559397,2.870068623907983
fixed-00000017,900.0,1.0,-1,0.16893982048036127,2.149026411666185
fixed-00000017,900.0,1.0,0,0.247153371935937,1.0000000000002558
fixed-00000017,900.0,1.0,1,0.0,0.0
fixed-00000017,900.0,1.0,2,0.0,0.0
fixed-00000017,900.0,1.0,3,0.0,0.0
fixed-00000017,900.0,1.0,4,0.0,0.0
fixed-00000017,900.0,1.0,5,0.0,0.0
fixed-00000017,900.0,1.0,6,0.0,0.0
fixed-00000017,900.0,1.0,7,0.0,0.0
fixed-00000017,900.0,1.0,8,0.0,0.0
fixed-00000017,900.0,1.0,9,0.0,0.0
fixed-00000017,900.0,1.0,10,0.0,0.0
fixed-00000017,900.0,1.0,11,0.0,0.0
fixed-00000017,900.0,1.0,12,0.0,0.0
fixed-00000017,900.0,1.0,13,0.0,0.0
fixed-00000017,900.0,1.0,14,0.0,0.0
fixed-00000017,900.0,1.0,15,0.0,0.0
fixed-00000017,900.0,1.0,16,0.0,0.0
fixed-00000017,900.0,1.0,17,0.0,0.0
fixed-00000017,900.0,1.0,18,0.0,0.0
fixed-00000017,900.0,1.0,19,0.0,0.0
fixed-00000017,900.0,1.0,20,0.0,0.0
fixed-00000018,950.0,1.0,-20,4.2540831767809253e-05,8.346907633196949
fixed-00000018,950.0,1.0,-19,4.095325557552069e-05,8.138281537089327
fixed-00000018,950.0,1.0,-18,6.793836175525996e-05,7.924202606096728
fixed-00000018,950.0,1.0,-17,0.00010527141566973469,7.70421627951275
fixed-00000018,950.0,1.0,-16,0.00010051906821551972,7.477801197009015
fixed-00000018,950.0,1.0,-15,0.00015403463619339625,7.244354593199901
fixed-00000018,950.0,1.0,-14,0.0002687535980214726,7.003173310711986
fixed-00000018,950.0,1.0,-13,0.000291749511820318,6.7534287094775465
fixed-00000018,950.0,1.0,-12,0.0004216430033163429,6.494132887692885
fixed-00000018,950.0,1.0,-11,0.0008632394396304367,6.224092227442384
fixed-00000018,950.0,1.0,-10,0.000934079487698128,5.941841916530507
fixed-00000018,950.0,1.0,-9,0.0014920418835547863,5.645550958774976
fixed-00000018,950.0,1.0,-8,0.0030015341839996646,5.332879579201517
fixed-00000018,950.0,1.0,-7,0.003827871167751107,5.000756147315826
fixed-00000018,950.0,1.0,-6,0.00580401823073089,4.645009977783943
fixed-00000018,950.0,1.0,-5,0.010291248804611219,4.259726669922742
fixed-00000018,950.0,1.0,-4,0.018184945915025175,3.8360165042788026
fixed-00000018,950.0,1.0,-3,0.012765026673610187,3.3593706850824105
fixed-00000018,950.0,1.0,-2,0.048949098517813996,2.802912304877097
fixed-00000018,950.0,1.0,-1,0.1627375741299141,2.1042481647103557
fixed-00000018,950.0,1.0,0,0.23233715287732049,0.9999999999999005
fixed-00000018,950.0,1.0,1,0.0,0.0
fixed-00000018,950.0,1.0,2,0.0,0.0
fixed-00000018,950.0,1.0,3,0.0,0.0
fixed-00000018,950.0,1.0,4,0.0,0.0
fixed-00000018,950.0,1.0,5,0.0,0.0
fixed-00000018,950.0,1.0,6,0.0,0.0
fixed-00000018,950.0,1.0,7,0.0,0.0
fixed-00000018,950.0,1.0,8,0.0,0.0
fixed-00000018,950.0,1.0,9,0.0,0.0
fixed-00000018,950.0,1.0,10,0.0,0.0
fixed-00000018,950.0,1.0,11,0.0,0.0
fixed-00000018,950.0,1.0,12,0.0,0.0
fixed-00000018,950.0,1.0,13,0.0,0.0
fixed-00000018,950.0,1.0,14,0.0,0.0
fixed-00000018,950.0,1.0,15,0.0,0.0
fixed-00000018,950.0,1.0,16,0.0,0.0
fixed-00000018,950.0,1.0,17,0.0,0.0
fixed-00000018,950.0,1.0,18,0.0,0.0
fixed-00000018,950.0,1.0,19,0.0,0.0
fixed-00000018,950.0,1.0,20,0.0,0.0
fixed-00000019,1000.0,1.0,-20,3.493846489823865e-05,8.138281537089412
fixed-00000019,1000.0,1.0,-19,2.9408146785146416e-05,7.935042825276781
fixed-00000019,1000.0,1.0,-18,5.3041638921309654e-05,7.726495019799344
fixed-00000019,1000.0,1.0,-17,8.346434870814675e-05,7.512195958361971
fixed-00000019,1000.0,1.0,-16,7.332794410590832e-05,7.291638560744261
fixed-00000019,1000.0,1.0,-15,0.00012545921886176844,7.064236648516598
fixed-00000019,1000.0,1.0,-14,0.00021086389095288646,6.8293065151785015
fixed-00000019,1000.0,1.0,-13,0.0002259615707995328,6.586042578135121
fixed-00000019,1000.0,1.0,-12,0.0003564886673987983,6.333484609522728
fixed-00000019,1000.0,1.0,-11,0.0007289349064577231,6.0704726864653225
fixed-00000019,1000.0,1.0,-10,0.0007942240439491503,5.79558371866338
fixed-00000019,1000.0,1.0,-9,0.0013441779708067982,5.507039412677614
fixed-00000019,1000.0,1.0,-8,0.0028245042654585473,5.202568190854237
fixed-00000019,1000.0,1.0,-7,0.003531576044586594,4.879189326968472
fixed-00000019,1000.0,1.0,-6,0.00589178030294847,4.532857928715643
fixed-00000019,1000.0,1.0,-5,0.010798666355078507,4.157842361919549
fixed-00000019,1000.0,1.0,-4,0.018881339593149995,3.7455366221714144
fixed-00000019,1000.0,1.0,-3,0.013545269343531695,3.2819163962671922
fixed-00000019,1000.0,1.0,-2,0.053440227822408405,2.7410663663429062
fixed-00000019,1000.0,1.0,-1,0.15544221804305267,2.0631173383810193
fixed-00000019,1000.0,1.0,0,0.21938515501870737,0.9999999999999005
fixed-00000019,1000.0,1.0,1,0.0,0.0
fixed-00000019,1000.0,1.0,2,0.0,0.0
fixed-00000019,1000.0,1.0,3,0.0,0.0
fixed-00000019,1000.0,1.0,4,0.0,0.0
fixed-00000019,1000.0,1.0,5,0.0,0.0
fixed-00000019,1000.0,1.0,6,0.0,0.0
fixed-00000019,1000.0,1.0,7,0.0,0.0
fixed-00000019,1000.0,1.0,8,0.0,0.0
fixed-00000019,1000.0,1.0,9,0.0,0.0
fixed-00000019,1000.0,1.0,10,0.0,0.0
fixed-00000019,1000.0,1.0,11,0.0,0.0
fixed-00000019,1000.0,1.0,12,0.0,0.0
fixed-00000019,1000.0,1.0,13,0.0,0.0
fixed-00000019,1000.0,1.0,14,0.0,0.0
fixed-00000019,1000.0,1.0,15,0.0,0.0
fixed-00000019,1000.0,1.0,16,0.0,0.0
fixed-00000019,1000.0,1.0,17,0.0,0.0
fixed-00000019,1000.0,1.0,18,0.0,0.0
fixed-00000019,1000.0,1.0,19,0.0,0.0
fixed-00000019,1000.0,1.0,20,0.0,0.0
fixed-00000020,1050.0,1.0,-20,3.191097047370295e-05,7.944837979227216
fixed-00000020,1050.0,1.0,-19,2.286867506269058e-05,7.746597099916272
fixed-00000020,1050.0,1.0,-18,4.160311482244566e-05,7.5431806638187595
fixed-00000020,1050.0,1.0,-17,6.668441102402352e-05,7.3341580311113574
fixed-00000020,1050.0,1.0,-16,5.261762998531339e-05,7.119035393708614
fixed-00000020,1050.0,1.0,-15,0.0001004625557800361,6.897241990486336
fixed-00000020,1050.0,1.0,-14,0.00016450213062420404,6.668112195698512
fixed-00000020,1050.0,1.0,-13,0.00016742373360003807,6.430861861992412
fixed-00000020,1050.0,1.0,-12,0.0002937351381813811,6.184556490980029
fixed-00000020,1050.0,1.0,-11,0.0005983986241169636,5.928067490742322
fixed-00000020,1050.0,1.0,-10,0.0006538015220155411,5.660010570330854
fixed-00000020,1050.0,1.0,-9,0.001186707755566825,5.378656453875905
fixed-00000020,1050.0,1.0,-8,0.002577865252528918,5.081797001742743
fixed-00000020,1050.0,1.0,-7,0.0031947490845005287,4.766536061449884
fixed-00000020,1050.0,1.0,-6,0.005830838619606922,4.42894579307756
fixed-00000020,1050.0,1.0,-5,0.0112054732851766,4.06346465721623
fixed-00000020,1050.0,1.0,-4,0.019384319017471726,3.661750727078541
fixed-00000020,1050.0,1.0,-3,0.01446816032597532,3.2102306386705237
fixed-00000020,1050.0,1.0,-2,0.05774983512066503,2.6838837408036937
fixed-00000020,1050.0,1.0,-1,0.14728293794470995,2.025184372977648
fixed-00000020,1050.0,1.0,0,0.2085216943213999,1.0000000000002558
fixed-00000020,1050.0,1.0,1,0.0,0.0
fixed-00000020,1050.0,1.0,2,0.0,0.0
fixed-00000020,1050.0,1.0,3,0.0,0.0
fixed-00000020,1050.0,1.0,4,0.0,0.0
fixed-00000020,1050.0,1.0,5,0.0,0.0
fixed-00000020,1050.0,1.0,6,0.0,0.0
fixed-00000020,1050.0,1.0,7,0.0,0.0
fixed-00000020,1050.0,1.0,8,0.0,0.0
fixed-00000020,1050.0,1.0,9,0.0,0.0
fixed-00000020,1050.0,1.0,10,0.0,0.0
fixed-00000020,1050.0,1.0,11,0.0,0.0
fixed-00000020,1050.0,1.0,12,0.0,0.0
fixed-00000020,1050.0,1.0,13,0.0,0.0
fixed-00000020,1050.0,1.0,14,0.0,0.0
fixed-00000020,1050.0,1.0,15,0.0,0.0
fixed-00000020,1050.0,1.0,16,0.0,0.0
fixed-00000020,1050.0,1.0,17,0.0,0.0
fixed-00000020,1050.0,1.0,18,0.0,0.0
fixed-00000020,1050.0,1.0,19,0.0,0.0
fixed-00000020,1050.0,1.0,20,0.0,0.0
fixed-00000021,1100.0,1.0,-20,3.191418726249609e-05,7.764826833112082
fixed-00000021,1100.0,1.0,-19,1.9503567271843912e-05,7.571239177313231
fixed-00000021,1100.0,1.0,-18,3.393946575933596e-05,7.3726004611447
fixed-00000021,1100.0,1.0,-17,5.468173089489111e-05,7.168490791287937
fixed-00000021,1100.0,1.0,-16,3.7322378167835404e-05,6.958428738824992
fixed-00000021,1100.0,1.0,-15,7.835941839755301e-05,6.741857923690972
fixed-00000021,1100.0,1.0,-14,0.00012890452441353235,6.518129586978731
fixed-00000021,1100.0,1.0,-13,0.00011785686159597702,6.2864795792019805
fixed-00000021,1100.0,1.0,-12,0.00023399572189302187,6.045997408429116
fixed-00000021,1100.0,1.0,-11,0.0004750853151220445,5.795583718663309
fixed-00000021,1100.0,1.0,-10,0.0005145939759124438,5.533890428088924
fixed-00000021,1100.0,1.0,-9,0.001020750396817467,5.259234011855554
fixed-00000021,1100.0,1.0,-8,0.0022660556130532175,4.969465549007921
fixed-00000021,1100.0,1.0,-7,0.002807230718050689,4.661767847371507
fixed-00000021,1100.0,1.0,-6,0.005602893487010649,4.332322366851486
fixed-00000021,1100.0,1.0,-5,0.011343966392548768,3.9757264197010898
fixed-00000021,1100.0,1.0,-4,0.01963527209595816,3.5838847252344834
fixed-00000021,1100.0,1.0,-3,0.015442377123219699,3.1436450829909717
fixed-00000021,1100.0,1.0,-2,0.06185459685632776,2.630822011397143
fixed-00000021,1100.0,1.0,-1,0.13807814128640378,1.9900727892673302
fixed-00000021,1100.0,1.0,0,0.19960520874141666,0.9999999999999005
fixed-00000021,1100.0,1.0,1,0.0,0.0
fixed-00000021,1100.0,1.0,2,0.0,0.0
fixed-00000021,1100.0,1.0,3,0.0,0.0
fixed-00000021,1100.0,1.0,4,0.0,0.0
fixed-00000021,1100.0,1.0,5,0.0,0.0
fixed-00000021,1100.0,1.0,6,0.0,0.0
fixed-00000021,1100.0,1.0,7,0.0,0.0
fixed-00000021,1100.0,1.0,8,0.0,0.0
fixed-00000021,1100.0,1.0,9,0.0,0.0
fixed-00000021,1100.0,1.0,10,0.0,0.0
fixed-00000021,1100.0,1.0,11,0.0,0.0
fixed-00000021,1100.0,1.0,12,0.0,0.0
fixed-00000021,1100.0,1.0,13,0.0,0.0
fixed-00000021,1100.0,1.0,14,0.0,0.0
fixed-00000021,1100.0,1.0,15,0.0,0.0
fixed-00000021,1100.0,1.0,16,0.0,0.0
fixed-00000021,1100.0,1.0,17,0.0,0.0
fixed-00000021,1100.0,1.0,18,0.0,0.0
fixed-00000021,1100.0,1.0,19,0.0,0.0
fixed-00000021,1100.0,1.0,20,0.0,0.0
fixed-00000022,1150.0,1.0,-20,3.322513230437531e-05,7.596767838126183
fixed-00000022,1150.0,1.0,-19,1.8217531691690582e-05,7.407526796176512
fixed-00000022,1150.0,1.0,-18,2.9578896743627444e-05,7.213351135615596
fixed-00000022,1150.0,1.0,-17,4.763854704744175e-05,7.013831018305453
fixed-00000022,1150.0,1.0,-16,2.703437388260432e-05,6.808496598900533
fixed-00000022,1150.0,1.0,-15,6.041904505807215e-05,6.596804955101277
fixed-00000022,1150.0,1.0,-14,0.0001014134760095341,6.378123113183179
fixed-00000022,1150.0,1.0,-13,8.049576157839005e-05,6.151705640673228
fixed-00000022,1150.0,1.0,-12,0.00018145570849066386,5.916664516589208
fixed-00000022,1150.0,1.0,-11,0.00036571457028993046,5.671927753650834
fixed-00000022,1150.0,1.0,-10,0.00038770856254170127,5.4161811703880005
fixed-00000022,1150.0,1.0,-9,0.0008562047063197066,5.147784080951951
fixed-00000022,1150.0,1.0,-8,0.0019341846955556053,4.864643021062477
fixed-00000022,1150.0,1.0,-7,0.002389609557715926,4.564014752843818
fixed-00000022,1150.0,1.0,-6,0.00526134156361266,4.242183120575163
fixed-00000022,1150.0,1.0,-5,0.011130522490415292,3.893894255675818
fixed-00000022,1150.0,1.0,-4,0.019621789618518837,3.511283961884743
fixed-00000022,1150.0,1.0,-3,0.016399692020717803,3.0815945949327954
fixed-00000022,1150.0,1.0,-2,0.06574117038538171,2.5814226490969077
fixed-00000022,1150.0,1.0,-1,0.12799031284925894,1.9574646504122768
fixed-00000022,1150.0,1.0,0,0.19244801140657267,0.9999999999999005
fixed-00000022,1150.0,1.0,1,0.0,0.0
fixed-00000022,1150.0,1.0,2,0.0,0.0
fixed-00000022,1150.0,1.0,3,0.0,0.0
fixed-00000022,1150.0,1.0,4,0.0,0.0
fixed-00000022,1150.0,1.0,5,0.0,0.0
fixed-00000022,1150.0,1.0,6,0.0,0.0
fixed-00000022,1150.0,1.0,7,0.0,0.0
fixed-00000022,1150.0,1.0,8,0.0,0.0
fixed-00000022,1150.0,1.0,9,0.0,0.0
fixed-00000022,1150.0,1.0,10,0.0,0.0
fixed-00000022,1150.0,1.0,11,0.0,0.0
fixed-00000022,1150.0,1.0,12,0.0,0.0
fixed-00000022,1150.0,1.0,13,0.0,0.0
fixed-00000022,1150.0,1.0,14,0.0,0.0
fixed-00000022,1150.0,1.0,15,0.0,0.0
fixed-00000022,1150.0,1.0,16,0.0,0.0
fixed-00000022,1150.0,1.0,17,0.0,0.0
fixed-00000022,1150.0,1.0,18,0.0,0.0
fixed-00000022,1150.0,1.0,19,0.0,0.0
fixed-00000022,1150.0,1.0,20,0.0,0.0
fixed-00000023,1200.0,1.0,-20,3.446977041081812e-05,7.439399360019209
fixed-00000023,1200.0,1.0,-19,1.8162097266726127e-05,7.254230699369316
fixed-00000023,1200.0,1.0,-18,2.7112153420416973e-05,7.064236648516598
fixed-00000023,1200.0,1.0,-17,4.439642099443602e-05,6.86901680539124
fixed-00000023,1200.0,1.0,-16,2.121191049663185e-05,6.668112195698512
fixed-00000023,1200.0,1.0,-15,4.721497834047704e-05,6.46099252797751
fixed-00000023,1200.0,1.0,-14,7.906220978225222e-05,6.247039644871506
fixed-00000023,1200.0,1.0,-13,5.5258970999820044e-05,6.025525683615655
fixed-00000023,1200.0,1.0,-12,0.00013687439556979135,5.795583718663437
fixed-00000023,1200.0,1.0,-11,0.00027338573189599857,5.556167458648289
fixed-00000023,1200.0,1.0,-10,0.0002791482539536076,5.305994553811189
fixed-00000023,1200.0,1.0,-9,0.0006970557142347634,5.043464547841566
fixed-00000023,1200.0,1.0,-8,0.001617377393977354,4.766536061449884
fixed-00000023,1200.0,1.0,-7,0.001956102168060541,4.472535323528803
fixed-00000023,1200.0,1.0,-6,0.0048503577579085974,4.157842361919549
fixed-00000023,1200.0,1.0,-5,0.010576562215545269,3.817343128427737
fixed-00000023,1200.0,1.0,-4,0.01929951673668825,3.443390546684313
fixed-00000023,1200.0,1.0,-3,0.017358996297206084,3.0235976374505924
fixed-00000023,1200.0,1.0,-2,0.06935601188201891,2.535295068612527
fixed-00000023,1200.0,1.0,-1,0.11751776272690523,1.927089403331152
fixed-00000023,1200.0,1.0,0,0.18663702287625153,0.9999999999999005
fixed-00000023,1200.0,1.0,1,0.0,0.0
fixed-00000023,1200.0,1.0,2,0.0,0.0
fixed-00000023,1200.0,1.0,3,0.0,0.0
fixed-00000023,1200.0,1.0,4,0.0,0.0
fixed-00000023,1200.0,1.0,5,0.0,0.0
fixed-00000023,1200.0,1.0,6,0.0,0.0
fixed-00000023,1200.0,1.0,7,0.0,0.0
fixed-00000023,1200.0,1.0,8,0.0,0.0
fixed-00000023,1200.0,1.0,9,0.0,0.0
fixed-00000023,1200.0,1.0,10,0.0,0.0
fixed-00000023,1200.0,1.0,11,0.0,0.0
fixed-00000023,1200.0,1.0,12,0.0,0.0
fixed-00000023,1200.0,1.0,13,0.0,0.0
fixed-00000023,1200.0,1.0,14,0.0,0.0
fixed-00000023,1200.0,1.0,15,0.0,0.0
fixed-00000023,1200.0,1.0,16,0.0,0.0
fixed-00000023,1200.0,1.0,17,0.0,0.0
fixed-00000023,1200.0,1.0,18,0.0,0.0
fixed-00000023,1200.0,1.0,19,0.0,0.0
fixed-00000023,1200.0,1.0,20,0.0,0.0
fixed-00000024,1250.0,1.0,-20,3.564290148356003e-05,7.291638560744261
fixed-00000024,1250.0,1.0,-19,1.8308980056788276e-05,7.110295830139336
fixed-00000024,1250.0,1.0,-18,2.5779162383559302e-05,6.924230447356322
fixed-00000024,1250.0,1.0,-17,4.2896085973318e-05,6.733050889317397
fixed-00000024,1250.0,1.0,-16,1.9107414695846705e-05,6.536308411625441
fixed-00000024,1250.0,1.0,-15,3.819209098904727e-05,6.333484609522671
fixed-00000024,1250.0,1.0,-14,6.257369628564566e-05,6.123975270152329
fixed-00000024,1250.0,1.0,-13,3.906288456990179e-05,5.907069067892451
fixed-00000024,1250.0,1.0,-12,0.00010040784763724483,5.681918934584644
fixed-00000024,1250.0,1.0,-11,0.0002005624481716597,5.4475027690128
fixed-00000024,1250.0,1.0,-10,0.0001921742289260948,5.202568190854237
fixed-00000024,1250.0,1.0,-9,0.0005494409191854657,4.945552623873766
fixed-00000024,1250.0,1.0,-8,0.001332454015948568,4.6744637375392415
fixed-00000024,1250.0,1.0,-7,0.0015328351454786176,4.386693185629738
fixed-00000024,1250.0,1.0,-6,0.004402630599843483,4.078711593086126
fixed-00000024,1250.0,1.0,-5,0.009781260399698656,3.745536622171329
fixed-00000024,1250.0,1.0,-4,0.018591908746419254,3.379725725638721
fixed-00000024,1250.0,1.0,-3,0.018382681709728458,2.9692410356049663
fixed-00000024,1250.0,1.0,-2,0.0724742783750011,2.492104235261664
fixed-00000024,1250.0,1.0,-1,0.10743288393177926,1.8987152094807982
fixed-00000024,1250.0,1.0,0,0.18137698947634262,0.999999999999531
fixed-00000024,1250.0,1.0,1,0.0,0.0
fixed-00000024,1250.0,1.0,2,0.0,0.0
fixed-00000024,1250.0,1.0,3,0.0,0.0
fixed-00000024,1250.0,1.0,4,0.0,0.0
fixed-00000024,1250.0,1.0,5,0.0,0.0
fixed-00000024,1250.0,1.0,6,0.0,0.0
fixed-00000024,1250.0,1.0,7,0.0,0.0
fixed-00000024,1250.0,1.0,8,0.0,0.0
fixed-00000024,1250.0,1.0,9,0.0,0.0
fixed-00000024,1250.0,1.0,10,0.0,0.0
fixed-00000024,1250.0,1.0,11,0.0,0.0
fixed-00000024,1250.0,1.0,12,0.0,0.0
fixed-00000024,1250.0,1.0,13,0.0,0.0
fixed-00000024,1250.0,1.0,14,0.0,0.0
fixed-00000024,1250.0,1.0,15,0.0,0.0
fixed-00000024,1250.0,1.0,16,0.0,0.0
fixed-00000024,1250.0,1.0,17,0.0,0.0
fixed-00000024,1250.0,1.0,18,0.0,0.0
fixed-00000024,1250.0,1.0,19,0.0,0.0
fixed-00000024,1250.0,1.0,20,0.0,0.0
fixed-00000025,1300.0,1.0,-20,3.666958908892597e-05,7.152550092003793
fixed-00000025,1300.0,1.0,-19,1.7999981835395062e-05,6.974810831936949
fixed-00000025,1300.0,1.0,-18,2.541438661349516e-05,6.792445792546317
fixed-00000025,1300.0,1.0,-17,4.143941983914831e-05,6.605071826304751
fixed-00000025,1300.0,1.0,-16,1.9154537738362007e-05,6.412249839264305
fixed-00000025,1300.0,1.0,-15,3.205585248591216e-05,6.213472640816448
fixed-00000025,1300.0,1.0,-14,5.333901323259709e-05,6.008149174560671
fixed-00000025,1300.0,1.0,-13,2.7506876441051103e-05,5.79558371866338
fixed-00000025,1300.0,1.0,-12,7.254305331251625e-05,5.574947943173655
fixed-00000025,1300.0,1.0,-11,0.00014524359279836053,5.345242575706067
fixed-00000025,1300.0,1.0,-10,0.00012601947952427099,5.105243521557625
fixed-00000025,1300.0,1.0,-9,0.00041722235057987104,4.853423959966051
fixed-00000025,1300.0,1.0,-8,0.0010717689801329074,4.5878378630649195
fixed-00000025,1300.0,1.0,-7,0.0011489970432507681,4.305938653137375
fixed-00000025,1300.0,1.0,-6,0.003930118934540929,4.004282497280798
fixed-00000025,1300.0,1.0,-5,0.008863061226490576,3.6780114274684195
fixed-00000025,1300.0,1.0,-4,0.01746330618546622,3.3198760240076126
fixed-00000025,1300.0,1.0,-3,0.01960226615134011,2.9181680011911197
fixed-00000025,1300.0,1.0,-2,0.07491488902049956,2.4515609248788337
fixed-00000025,1300.0,1.0,-1,0.09866987421599734,1.8721421348540446
fixed-00000025,1300.0,1.0,0,0.17584955055576404,0.9999999999999005
fixed-00000025,1300.0,1.0,1,0.0,0.0
fixed-00000025,1300.0,1.0,2,0.0,0.0
fixed-00000025,1300.0,1.0,3,0.0,0.0
fixed-00000025,1300.0,1.0,4,0.0,0.0
fixed-00000025,1300.0,1.0,5,0.0,0.0
fixed-00000025,1300.0,1.0,6,0.0,0.0
fixed-00000025,1300.0,1.0,7,0.0,0.0
fixed-00000025,1300.0,1.0,8,0.0,0.0
fixed-00000025,1300.0,1.0,9,0.0,0.0
fixed-00000025,1300.0,1.0,10,0.0,0.0
fixed-00000025,1300.0,1.0,11,0.0,0.0
fixed-00000025,1300.0,1.0,12,0.0,0.0
fixed-00000025,1300.0,1.0,13,0.0,0.0
fixed-00000025,1300.0,1.0,14,0.0,0.0
fixed-00000025,1300.0,1.0,15,0.0,0.0
fixed-00000025,1300.0,1.0,16,0.0,0.0
fixed-00000025,1300.0,1.0,17,0.0,0.0
fixed-00000025,1300.0,1.0,18,0.0,0.0
fixed-00000025,1300.0,1.0,19,0.0,0.0
fixed-00000025,1300.0,1.0,20,0.0,0.0
fixed-00000026,1350.0,1.0,-20,3.631426804066778e-05,7.021321237469749
fixed-00000026,1350.0,1.0,-19,1.746281983466692e-05,6.846983830487616
fixed-00000026,1350.0,1.0,-18,2.5670443878511902e-05,6.668112195698512
fixed-00000026,1350.0,1.0,-17,3.9859208989395694e-05,6.484331104328575
fixed-00000026,1350.0,1.0,-16,1.9578500876466884e-05,6.295210587093138
fixed-00000026,1350.0,1.0,-15,2.8470146068874237e-05,6.100254057233457
fixed-00000026,1350.0,1.0,-14,5.0125519456036906e-05,5.898882899663832
fixed-00000026,1350.0,1.0,-13,1.889688795430462e-05,5.69041614927275
fixed-00000026,1350.0,1.0,-12,5.4299464297923984e-05,5.474043198523489
fixed-00000026,1350.0,1.0,-11,0.00010359339621017771,5.248786368181996
fixed-00000026,1350.0,1.0,-10,7.971313813633768e-05,5.0134483205834215
fixed-00000026,1350.0,1.0,-9,0.00030239623574591516,4.766536061449813
fixed-00000026,1350.0,1.0,-8,0.0008276498217189489,4.506147371917308
fixed-00000026,1350.0,1.0,-7,0.0008340848171648961,4.2297941218231045
fixed-00000026,1350.0,1.0,-6,0.0034244605297747113,3.9341134280419823
fixed-00000026,1350.0,1.0,-5,0.007886504297893194,3.6143650210563436
fixed-00000026,1350.0,1.0,-4,0.0158535848333486,3.263482242663571
fixed-00000026,1350.0,1.0,-3,0.021023981385924293,2.870068623907869
fixed-00000026,1350.0,1.0,-2,0.07623450637838865,2.413413990960535
fixed-00000026,1350.0,1.0,-1,0.0920416791839659,1.847196746083199
fixed-00000026,1350.0,1.0,0,0.16894983181023088,0.9999999999999005
fixed-00000026,1350.0,1.0,1,0.0,0.0
fixed-00000026,1350.0,1.0,2,0.0,0.0
fixed-00000026,1350.0,1.0,3,0.0,0.0
fixed-00000026,1350.0,1.0,4,0.0,0.0
fixed-00000026,1350.0,1.0,5,0.0,0.0
fixed-00000026,1350.0,1.0,6,0.0,0.0
fixed-00000026,1350.0,1.0,7,0.0,0.0
fixed-00000026,1350.0,1.0,8,0.0,0.0
fixed-00000026,1350.0,1.0,9,0.0,0.0
fixed-00000026,1350.0,1.0,10,0.0,0.0
fixed-00000026,1350.0,1.0,11,0.0,0.0
fixed-00000026,1350.0,1.0,12,0.0,0.0
fixed-00000026,1350.0,1.0,13,0.0,0.0
fixed-00000026,1350.0,1.0,14,0.0,0.0
fixed-00000026,1350.0,1.0,15,0.0,0.0
fixed-00000026,1350.0,1.0,16,0.0,0.0
fixed-00000026,1350.0,1.0,17,0.0,0.0
fixed-00000026,1350.0,1.0,18,0.0,0.0
fixed-00000026,1350.0,1.0,19,0.0,0.0
fixed-00000026,1350.0,1.0,20,0.0,0.0
fixed-00000027,1400.0,1.0,-20,3.35509237609192e-05,6.897241990486336
fixed-00000027,1400.0,1.0,-19,1.6989160598195237e-05,6.7261230240585235
fixed-00000027,1400.0,1.0,-18,2.568901709399699e-05,6.550556535596158
fixed-00000027,1400.0,1.0,-17,3.8679075127706736e-05,6.3701747990651825
fixed-00000027,1400.0,1.0,-16,1.9256077646564024e-05,6.184556490979958
fixed-00000027,1400.0,1.0,-15,2.7538567977096907e-05,5.993215072567395
fixed-00000027,1400.0,1.0,-14,4.903517144391711e-05,5.79558371866338
fixed-00000027,1400.0,1.0,-13,1.424999358046791e-05,5.590995449267751
fixed-00000027,1400.0,1.0,-12,4.3965047115732814e-05,5.378656453875976
fixed-00000027,1400.0,1.0,-11,7.282488213682712e-05,5.157609520603671
fixed-00000027,1400.0,1.0,-10,5.0194098963673323e-05,4.926682676009165
fixed-00000027,1400.0,1.0,-9,0.0002067101668186691,4.684414994405643
fixed-00000027,1400.0,1.0,-8,0.0006067141663992607,4.428945793077645
fixed-00000027,1400.0,1.0,-7,0.0006021094972211747,4.1578423619196485
fixed-00000027,1400.0,1.0,-6,0.002890034500831211,3.8678185799451796
fixed-00000027,1400.0,1.0,-5,0.006912914327198996,3.5542457909297553
fixed-00000027,1400.0,1.0,-4,0.013889744612901714,3.2102306386706374
fixed-00000027,1400.0,1.0,-3,0.02259195137706536,2.824672250496718
fixed-00000027,1400.0,1.0,-2,0.07619211111300493,2.3774441680474325
fixed-00000027,1400.0,1.0,-1,0.08802738385834298,1.8237277822919253
fixed-00000027,1400.0,1.0,0,0.16022457864558476,1.0000000000002558
fixed-00000027,1400.0,1.0,1,0.0,0.0
fixed-00000027,1400.0,1.0,2,0.0,0.0
fixed-00000027,1400.0,1.0,3,0.0,0.0
fixed-00000027,1400.0,1.0,4,0.0,0.0
fixed-00000027,1400.0,1.0,5,0.0,0.0
fixed-00000027,1400.0,1.0,6,0.0,0.0
fixed-00000027,1400.0,1.0,7,0.0,0.0
fixed-00000027,1400.0,1.0,8,0.0,0.0
fixed-00000027,1400.0,1.0,9,0.0,0.0
fixed-00000027,1400.0,1.0,10,0.0,0.0
fixed-00000027,1400.0,1.0,11,0.0,0.0
fixed-00000027,1400.0,1.0,12,0.0,0.0
fixed-00000027,1400.0,1.0,13,0.0,0.0
fixed-00000027,1400.0,1.0,14,0.0,0.0
fixed-00000027,1400.0,1.0,15,0.0,0.0
fixed-00000027,1400.0,1.0,16,0.0,0.0
fixed-00000027,1400.0,1.0,17,0.0,0.0
fixed-00000027,1400.0,1.0,18,0.0,0.0
fixed-00000027,1400.0,1.0,19,0.0,0.0
fixed-00000027,1400.0,1.0,20,0.0,0.0
fixed-00000028,1450.0,1.0,-20,2.9123462770992515e-05,6.779688949497142
fixed-00000028,1450.0,1.0,-19,1.6175150181599768e-05,6.6116209930450935
fixed-00000028,1450.0,1.0,-18,2.481818847853795e-05,6.439187792576192
fixed-00000028,1450.0,1.0,-17,3.7759508264625024e-05,6.262028744621247
fixed-00000028,1450.0,1.0,-16,1.8155282515773828e-05,6.079730733862874
fixed-00000028,1450.0,1.0,-15,2.8469680976104375e-05,5.891816761486638
fixed-00000028,1450.0,1.0,-14,4.744030536620627e-05,5.697731196879857
fixed-00000028,1450.0,1.0,-13,1.4106347096362152e-05,5.496820339856512
fixed-00000028,1450.0,1.0,-12,3.718366291255842e-05,5.288306331023705
fixed-00000028,1450.0,1.0,-11,5.2689457897373443e-05,5.071251396618663
fixed-00000028,1450.0,1.0,-10,3.1848314672181226e-05,4.844507653945172
fixed-00000028,1450.0,1.0,-9,0.0001312105784881958,4.606644638415261
fixed-00000028,1450.0,1.0,-8,0.00041967233812608546,4.355841124728585
fixed-00000028,1450.0,1.0,-7,0.0004365601231492558,4.08971705335729
fixed-00000028,1450.0,1.0,-6,0.0023344842393285665,3.805059233741787
fixed-00000028,1450.0,1.0,-5,0.0059623227215388815,3.497345053166029
fixed-00000028,1450.0,1.0,-4,0.011771408363228389,3.1598457956296073
fixed-00000028,1450.0,1.0,-3,0.02410840299057343,2.7817413243945737
fixed-00000028,1450.0,1.0,-2,0.07477332117440559,2.343459063393084
fixed-00000028,1450.0,1.0,-1,0.0864566152093692,1.801602658713989
fixed-00000028,1450.0,1.0,0,0.1499667177499662,0.9999999999999005
fixed-00000028,1450.0,1.0,1,0.0,0.0
fixed-00000028,1450.0,1.0,2,0.0,0.0
fixed-00000028,1450.0,1.0,3,0.0,0.0
fixed-00000028,1450.0,1.0,4,0.0,0.0
fixed-00000028,1450.0,1.0,5,0.0,0.0
fixed-00000028,1450.0,1.0,6,0.0,0.0
fixed-00000028,1450.0,1.0,7,0.0,0.0
fixed-00000028,1450.0,1.0,8,0.0,0.0
fixed-00000028,1450.0,1.0,9,0.0,0.0
fixed-00000028,1450.0,1.0,10,0.0,0.0
fixed-00000028,1450.0,1.0,11,0.0,0.0
fixed-00000028,1450.0,1.0,12,0.0,0.0
fixed-00000028,1450.0,1.0,13,0.0,0.0
fixed-00000028,1450.0,1.0,14,0.0,0.0
fixed-00000028,1450.0,1.0,15,0.0,0.0
fixed-00000028,1450.0,1.0,16,0.0,0.0
fixed-00000028,1450.0,1.0,17,0.0,0.0
fixed-00000028,1450.0,1.0,18,0.0,0.0
fixed-00000028,1450.0,1.0,19,0.0,0.0
fixed-00000028,1450.0,1.0,20,0.0,0.0
fixed-00000029,1500.0,1.0,-20,2.4622880920723678e-05,6.668112195698512
fixed-00000029,1500.0,1.0,-19,1.4426221412514029e-05,6.502941914956139
fixed-00000029,1500.0,1.0,-18,2.3183691356293122e-05,6.333484609522671
fixed-00000029,1500.0,1.0,-17,3.609836378788718e-05,6.159386449959058
fixed-00000029,1500.0,1.0,-16,1.677577675654507e-05,5.980242127888673
fixed-00000029,1500.0,1.0,-15,2.9494677220723733e-05,5.79558371866338
fixed-00000029,1500.0,1.0,-14,4.5738945583370964e-05,5.6048662403147915
fixed-00000029,1500.0,1.0,-13,1.6330660597301187e-05,5.407448625724925
fixed-00000029,1500.0,1.0,-12,3.107872390424832e-05,5.202568190854294
fixed-00000029,1500.0,1.0,-11,4.340100338109089e-05,4.989305656111114
fixed-00000029,1500.0,1.0,-10,1.9287406469034592e-05,4.766536061449884
fixed-00000029,1500.0,1.0,-9,7.77008096655208e-05,4.532857928715643
fixed-00000029,1500.0,1.0,-8,0.0002715366985928539,4.286487582743973
fixed-00000029,1500.0,1.0,-7,0.0003106696779211601,4.025095073024076
fixed-00000029,1500.0,1.0,-6,0.0017901120560406296,3.745536622171329
fixed-00000029,1500.0,1.0,-5,0.005045458192025101,3.4433905466842134
fixed-00000029,1500.0,1.0,-4,0.009707514917494848,3.112084814132203
fixed-00000029,1500.0,1.0,-3,0.02526324562568726,2.741066366342764
fixed-00000029,1500.0,1.0,-2,0.07224544066830042,2.31128907682438
fixed-00000029,1500.0,1.0,-1,0.08644651148066912,1.7807046197661691
fixed-00000029,1500.0,1.0,0,0.13934525679168402,0.9999999999999005
fixed-00000029,1500.0,1.0,1,0.0,0.0
fixed-00000029,1500.0,1.0,2,0.0,0.0
fixed-00000029,1500.0,1.0,3,0.0,0.0
fixed-00000029,1500.0,1.0,4,0.0,0.0
fixed-00000029,1500.0,1.0,5,0.0,0.0
fixed-00000029,1500.0,1.0,6,0.0,0.0
fixed-00000029,1500.0,1.0,7,0.0,0.0
fixed-00000029,1500.0,1.0,8,0.0,0.0
fixed-00000029,1500.0,1.0,9,0.0,0.0
fixed-00000029,1500.0,1.0,10,0.0,0.0
fixed-00000029,1500.0,1.0,11,0.0,0.0
fixed-00000029,1500.0,1.0,12,0.0,0.0
fixed-00000029,1500.0,1.0,13,0.0,0.0
fixed-00000029,1500.0,1.0,14,0.0,0.0
fixed-00000029,1500.0,1.0,15,0.0,0.0
fixed-00000029,1500.0,1.0,16,0.0,0.0
fixed-00000029,1500.0,1.0,17,0.0,0.0
fixed-00000029,1500.0,1.0,18,0.0,0.0
fixed-00000029,1500.0,1.0,19,0.0,0.0
fixed-00000029,1500.0,1.0,20,0.0,0.0
fixed-00000030,1550.0,1.0,-20,2.050914323324823e-05,6.562024521528201
fixed-00000030,1550.0,1.0,-19,1.182498430908763e-05,6.399611069700242
fixed-00000030,1550.0,1.0,-18,2.1223049676468146e-05,6.232985081082546
fixed-00000030,1550.0,1.0,-17,3.271245454754331e-05,6.06179917978541
fixed-00000030,1550.0,1.0,-16,1.5400908992902075e-05,5.885655495423563
fixed-00000030,1550.0,1.0,-15,2.909427340166727e-05,5.704094749172526
fixed-00000030,1550.0,1.0,-14,4.495006110884734e-05,5.516582105661982
fixed-00000030,1550.0,1.0,-13,1.7587910164388104e-05,5.322488536016678
fixed-00000030,1550.0,1.0,-12,2.644656457907303e-05,5.121065818012866
fixed-00000030,1550.0,1.0,-11,4.218869356964343e-05,4.911412297906793
fixed-00000030,1550.0,1.0,-10,9.90739580242592e-06,4.692424863675043
fixed-00000030,1550.0,1.0,-9,4.5778138420824446e-05,4.462729666743414
fixed-00000030,1550.0,1.0,-8,0.00015821241686544692,4.220578826895647
fixed-00000030,1550.0,1.0,-7,0.00020771613963749207,3.963690163282564
fixed-00000030,1550.0,1.0,-6,0.0013037239223578467,3.6889860734746094
fixed-00000030,1550.0,1.0,-5,0.004153932911319334,3.392141093158216
fixed-00000030,1550.0,1.0,-4,0.007815958253619028,3.066732542923404
fixed-00000030,1550.0,1.0,-3,0.025708140601304746,2.7024618544260903
fixed-00000030,1550.0,1.0,-2,0.06906205072156966,2.2807840522206106
fixed-00000030,1550.0,1.0,-1,0.08665922567852026,1.7609304038256255
fixed-00000030,1550.0,1.0,0,0.13015251686724588,0.9999999999999005
fixed-00000030,1550.0,1.0,1,0.0,0.0
fixed-00000030,1550.0,1.0,2,0.0,0.0
fixed-00000030,1550.0,1.0,3,0.0,0.0
fixed-00000030,1550.0,1.0,4,0.0,0.0
fixed-00000030,1550.0,1.0,5,0.0,0.0
fixed-00000030,1550.0,1.0,6,0.0,0.0
fixed-00000030,1550.0,1.0,7,0.0,0.0
fixed-00000030,1550.0,1.0,8,0.0,0.0
fixed-00000030,1550.0,1.0,9,0.0,0.0
fixed-00000030,1550.0,1.0,10,0.0,0.0
fixed-00000030,1550.0,1.0,11,0.0,0.0
fixed-00000030,1550.0,1.0,12,0.0,0.0
fixed-00000030,1550.0,1.0,13,0.0,0.0
fixed-00000030,1550.0,1.0,14,0.0,0.0
fixed-00000030,1550.0,1.0,15,0.0,0.0
fixed-00000030,1550.0,1.0,16,0.0,0.0
fixed-00000030,1550.0,1.0,17,0.0,0.0
fixed-00000030,1550.0,1.0,18,0.0,0.0
fixed-00000030,1550.0,1.0,19,0.0,0.0
fixed-00000030,1550.0,1.0,20,0.0,0.0
fixed-00000031,1600.0,1.0,-20,1.607637553965042e-05,6.46099252797751
fixed-00000031,1600.0,1.0,-19,9.122870022812593e-06,6.3012061655968665
fixed-00000031,1600.0,1.0,-18,1.8971620412517122e-05,6.137278314275221
fixed-00000031,1600.0,1.0,-17,2.7574106208575565e-05,5.968867756166489
fixed-00000031,1600.0,1.0,-16,1.3906939076343766e-05,5.795583718663309
fixed-00000031,1600.0,1.0,-15,2.6950580887886682e-05,5.616975173764018
fixed-00000031,1600.0,1.0,-14,4.435155155133526e-05,5.432516969699677
fixed-00000031,1600.0,1.0,-13,1.625763255764651e-05,5.241591567240533
fixed-00000031,1600.0,1.0,-12,2.5510207575788767e-05,5.043464547841566
fixed-00000031,1600.0,1.0,-11,4.38602826698168e-05,4.837251082626665
fixed-00000031,1600.0,1.0,-10,4.085528111953164e-06,4.621868916195766
fixed-00000031,1600.0,1.0,-9,3.095790678142456e-05,4.395970577624837
fixed-00000031,1600.0,1.0,-8,7.511695546477371e-05,4.157842361919549
fixed-00000031,1600.0,1.0,-7,0.00012575791661671818,3.905247698656538
fixed-00000031,1600.0,1.0,-6,0.0009150932476857146,3.635172170738457
fixed-00000031,1600.0,1.0,-5,0.0032668524534156433,3.3433821832752386
fixed-00000031,1600.0,1.0,-4,0.006128907421846577,3.0235976374505924
fixed-00000031,1600.0,1.0,-3,0.025076266395139397,2.665762819144831
fixed-00000031,1600.0,1.0,-2,0.0656455015941024,2.2518105105541792
fixed-00000031,1600.0,1.0,-1,0.08532961137055148,1.7421883145982662
fixed-00000031,1600.0,1.0,0,0.12466980727929645,0.9999999999999005
fixed-00000031,1600.0,1.0,1,0.0,0.0
fixed-00000031,1600.0,1.0,2,0.0,0.0
fixed-00000031,1600.0,1.0,3,0.0,0.0
fixed-00000031,1600.0,1.0,4,0.0,0.0
fixed-00000031,1600.0,1.0,5,0.0,0.0
fixed-00000031,1600.0,1.0,6,0.0,0.0
fixed-00000031,1600.0,1.0,7,0.0,0.0
fixed-00000031,1600.0,1.0,8,0.0,0.0
fixed-00000031,1600.0,1.0,9,0.0,0.0
fixed-00000031,1600.0,1.0,10,0.0,0.0
fixed-00000031,1600.0,1.0,11,0.0,0.0
fixed-00000031,1600.0,1.0,12,0.0,0.0
fixed-00000031,1600.0,1.0,13,0.0,0.0
fixed-00000031,1600.0,1.0,14,0.0,0.0
fixed-00000031,1600.0,1.0,15,0.0,0.0
fixed-00000031,1600.0,1.0,16,0.0,0.0
fixed-00000031,1600.0,1.0,17,0.0,0.0
fixed-00000031,1600.0,1.0,18,0.0,0.0
fixed-00000031,1600.0,1.0,19,0.0,0.0
fixed-00000031,1600.0,1.0,20,0.0,0.0
fixed-00000032,1650.0,1.0,-20,1.1013712033892662e-05,6.364629219264998
fixed-00000032,1650.0,1.0,-19,6.958226804031791e-06,6.207350124225144
fixed-00000032,1650.0,1.0,-18,1.613883672336249e-05,6.045997408429059
fixed-00000032,1650.0,1.0,-17,2.1661461747454052e-05,5.88023573888627
fixed-00000032,1650.0,1.0,-16,1.2035528248828697e-05,5.709681126234543
fixed-00000032,1650.0,1.0,-15,2.384093677122844e-05,5.533890428088853
fixed-00000032,1650.0,1.0,-14,4.21140352685113e-05,5.352347748183803
fixed-00000032,1650.0,1.0,-13,1.345891085036744e-05,5.164446529653205
fixed-00000032,1650.0,1.0,-12,2.8118444733588492e-05,4.969465549007921
fixed-00000032,1650.0,1.0,-11,4.4909476063295115e-05,4.766536061449884
fixed-00000032,1650.0,1.0,-10,2.795111348580183e-06,4.554595751201546
fixed-00000032,1650.0,1.0,-9,2.5227240144520725e-05,4.332322366851486
fixed-00000032,1650.0,1.0,-8,2.305465282334491e-05,4.098034880007532
fixed-00000032,1650.0,1.0,-7,6.824831099551711e-05,3.8495403324901076
fixed-00000032,1650.0,1.0,-6,0.0006321786887549299,3.583884725234384
fixed-00000032,1650.0,1.0,-5,0.002385903734476905,3.296922305271039
fixed-00000032,1650.0,1.0,-4,0.004669828207559808,2.9825092813767924
fixed-00000032,1650.0,1.0,-3,0.023256443226933526,2.630822011397143
fixed-00000032,1650.0,1.0,-2,0.06235501116830595,2.2242493488464987
fixed-00000032,1650.0,1.0,-1,0.08087306053992924,1.7243966180915464
fixed-00000032,1650.0,1.0,0,0.12512315427575532,0.9999999999999005
fixed-00000032,1650.0,1.0,1,0.0,0.0
fixed-00000032,1650.0,1.0,2,0.0,0.0
fixed-00000032,1650.0,1.0,3,0.0,0.0
fixed-00000032,1650.0,1.0,4,0.0,0.0
fixed-00000032,1650.0,1.0,5,0.0,0.0
fixed-00000032,1650.0,1.0,6,0.0,0.0
fixed-00000032,1650.0,1.0,7,0.0,0.0
fixed-00000032,1650.0,1.0,8,0.0,0.0
fixed-00000032,1650.0,1.0,9,0.0,0.0
fixed-00000032,1650.0,1.0,10,0.0,0.0
fixed-00000032,1650.0,1.0,11,0.0,0.0
fixed-00000032,1650.0,1.0,12,0.0,0.0
fixed-00000032,1650.0,1.0,13,0.0,0.0
fixed-00000032,1650.0,1.0,14,0.0,0.0
fixed-00000032,1650.0,1.0,15,0.0,0.0
fixed-00000032,1650.0,1.0,16,0.0,0.0
fixed-00000032,1650.0,1.0,17,0.0,0.0
fixed-00000032,1650.0,1.0,18,0.0,0.0
fixed-00000032,1650.0,1.0,19,0.0,0.0
fixed-00000032,1650.0,1.0,20,0.0,0.0
fixed-00000033,1700.0,1.0,-20,6.158028428302755e-06,6.272587806074569
fixed-00000033,1700.0,1.0,-19,5.308520570922824e-06,6.117705042755119
fixed-00000033,1700.0,1.0,-18,1.2790682543711215e-05,5.958813580720829
fixed-00000033,1700.0,1.0,-17,1.5932150417673277e-05,5.79558371866338
fixed-00000033,1700.0,1.0,-16,9.730041246926054e-06,5.6276379589619125
fixed-00000033,1700.0,1.0,-15,2.0688492680748953e-05,5.454540706363744
fixed-00000033,1700.0,1.0,-14,3.7459271959176765e-05,5.2757849233078105
fixed-00000033,1700.0,1.0,-13,1.1225782079826253e-05,5.090774565064265
fixed-00000033,1700.0,1.0,-12,3.1201986114173054e-05,4.898801038988552
fixed-00000033,1700.0,1.0,-11,4.639608956510682e-05,4.699010997560762
fixed-00000033,1700.0,1.0,-10,5.3061784392937065e-06,4.490361214362096
fixed-00000033,1700.0,1.0,-9,2.1670325497884764e-05,4.271553583498886
fixed-00000033,1700.0,1.0,-8,4.831888754394527e-06,4.040938363219041
fixed-00000033,1700.0,1.0,-7,3.508711166798635e-05,3.796364353922442
fixed-00000033,1700.0,1.0,-6,0.00042533567441795393,3.5349354068072927
fixed-00000033,1700.0,1.0,-5,0.001545631165121392,3.252589872618202
fixed-00000033,1700.0,1.0,-4,0.0034384085616942332,2.9433144432164084
fixed-00000033,1700.0,1.0,-3,0.020396876447693058,2.5975075328697415
fixed-00000033,1700.0,1.0,-2,0.05926737636427734,2.1979939151273555
fixed-00000033,1700.0,1.0,-1,0.07254757799300417,1.7074822022493379
fixed-00000033,1700.0,1.0,0,0.1327700918335882,0.9999999999999005
fixed-00000033,1700.0,1.0,1,0.0,0.0
fixed-00000033,1700.0,1.0,2,0.0,0.0
fixed-00000033,1700.0,1.0,3,0.0,0.0
fixed-00000033,1700.0,1.0,4,0.0,0.0
fixed-00000033,1700.0,1.0,5,0.0,0.0
fixed-00000033,1700.0,1.0,6,0.0,0.0
fixed-00000033,1700.0,1.0,7,0.0,0.0
fixed-00000033,1700.0,1.0,8,0.0,0.0
fixed-00000033,1700.0,1.0,9,0.0,0.0
fixed-00000033,1700.0,1.0,10,0.0,0.0
fixed-00000033,1700.0,1.0,11,0.0,0.0
fixed-00000033,1700.0,1.0,12,0.0,0.0
fixed-00000033,1700.0,1.0,13,0.0,0.0
fixed-00000033,1700.0,1.0,14,0.0,0.0
fixed-00000033,1700.0,1.0,15,0.0,0.0
fixed-00000033,1700.0,1.0,16,0.0,0.0
fixed-00000033,1700.0,1.0,17,0.0,0.0
fixed-00000033,1700.0,1.0,18,0.0,0.0
fixed-00000033,1700.0,1.0,19,0.0,0.0
fixed-00000033,1700.0,1.0,20,0.0,0.0
fixed-00000034,1750.0,1.0,-20,2.650889997223848e-06,6.184556490979958
fixed-00000034,1750.0,1.0,-19,3.883675740983967e-06,6.031967113215245
fixed-00000034,1750.0,1.0,-18,9.634392513283184e-06,5.875431222751942
fixed-00000034,1750.0,1.0,-17,1.0865659499928545e-05,5.714624514798558
fixed-00000034,1750.0,1.0,-16,7.24195030384463e-06,5.549175712693227
fixed-00000034,1750.0,1.0,-15,1.7917137036843893e-05,5.378656453875905
fixed-00000034,1750.0,1.0,-14,3.12533087975028e-05,5.202568190854294
fixed-00000034,1750.0,1.0,-13,1.0299853829955338e-05,5.02032495415223
fixed-00000034,1750.0,1.0,-12,3.196330722126273e-05,4.831230257724954
fixed-00000034,1750.0,1.0,-11,5.124868185014675e-05,4.634445513119857
fixed-00000034,1750.0,1.0,-10,9.58544024047475e-06,4.428945793077645
fixed-00000034,1750.0,1.0,-9,1.8399621411325643e-05,4.213456138965256
fixed-00000034,1750.0,1.0,-8,1.889546758832332e-05,3.9863568035211756
fixed-00000034,1750.0,1.0,-7,2.3613730314527805e-05,3.7455366221714144
fixed-00000034,1750.0,1.0,-6,0.00026514752408189065,3.4881549082816434
fixed-00000034,1750.0,1.0,-5,0.0008290751015528943,3.210230638670396
fixed-00000034,1750.0,1.0,-4,0.0024433831575449917,2.9058755678733945
fixed-00000034,1750.0,1.0,-3,0.016878388803856906,2.5657008422193144
fixed-00000034,1750.0,1.0,-2,0.0560644963884426,2.172948388931758
fixed-00000034,1750.0,1.0,-1,0.060777724105804155,1.6913794499358232
fixed-00000034,1750.0,1.0,0,0.1470937831927205,1.0000000000002558
fixed-00000034,1750.0,1.0,1,0.0,0.0
fixed-00000034,1750.0,1.0,2,0.0,0.0
fixed-00000034,1750.0,1.0,3,0.0,0.0
fixed-00000034,1750.0,1.0,4,0.0,0.0
fixed-00000034,1750.0,1.0,5,0.0,0.0
fixed-00000034,1750.0,1.0,6,0.0,0.0
fixed-00000034,1750.0,1.0,7,0.0,0.0
fixed-00000034,1750.0,1.0,8,0.0,0.0
fixed-00000034,1750.0,1.0,9,0.0,0.0
fixed-00000034,1750.0,1.0,10,0.0,0.0
fixed-00000034,1750.0,1.0,11,0.0,0.0
fixed-00000034,1750.0,1.0,12,0.0,0.0
fixed-00000034,1750.0,1.0,13,0.0,0.0
fixed-00000034,1750.0,1.0,14,0.0,0.0
fixed-00000034,1750.0,1.0,15,0.0,0.0
fixed-00000034,1750.0,1.0,16,0.0,0.0
fixed-00000034,1750.0,1.0,17,0.0,0.0
fixed-00000034,1750.0,1.0,18,0.0,0.0
fixed-00000034,1750.0,1.0,19,0.0,0.0
fixed-00000034,1750.0,1.0,20,0.0,0.0
fixed-00000035,1800.0,1.0,-20,8.10063265099349e-07,6.100254057233457
fixed-00000035,1800.0,1.0,-19,2.6322832558622746e-06,5.949862324477081
fixed-00000035,1800.0,1.0,-18,7.2856123024013455e-06,5.79558371866338
fixed-00000035,1800.0,1.0,-17,6.621904613955175e-06,5.637099112605966
fixed-00000035,1800.0,1.0,-16,4.890520549503241e-06,5.474043198523489
fixed-00000035,1800.0,1.0,-15,1.5494348224478445e-05,5.305994553811104
fixed-00000035,1800.0,1.0,-14,2.4590977657915697e-05,5.132462777832657
fixed-00000035,1800.0,1.0,-13,9.859544990752707e-06,4.952871569582541
fixed-00000035,1800.0,1.0,-12,2.9766475464815115e-05,4.766536061449884
fixed-00000035,1800.0,1.0,-11,5.957132031572075e-05,4.572631829703994
fixed-00000035,1800.0,1.0,-10,1.3792174866458307e-05,4.370151510275733
fixed-00000035,1800.0,1.0,-9,1.744118276393509e-05,4.157842361919549
fixed-00000035,1800.0,1.0,-8,5.5279668976903635e-05,3.934113428042167
fixed-00000035,1800.0,1.0,-7,2.9843413066020857e-05,3.696891973051777
fixed-00000035,1800.0,1.0,-6,0.0001408717447058665,3.443390546684313
fixed-00000035,1800.0,1.0,-5,0.0003194531612493085,3.169705509622929
fixed-00000035,1800.0,1.0,-4,0.0016844521205344675,2.870068623907983
fixed-00000035,1800.0,1.0,-3,0.013146368326571973,2.535295068612527
fixed-00000035,1800.0,1.0,-2,0.05218019817927662,2.149026411666185
fixed-00000035,1800.0,1.0,-1,0.04715523516265585,1.6760292863222332
fixed-00000035,1800.0,1.0,0,0.1660961234001151,1.0000000000002558
fixed-00000035,1800.0,1.0,1,0.0,0.0
fixed-00000035,1800.0,1.0,2,0.0,0.0
fixed-00000035,1800.0,1.0,3,0.0,0.0
fixed-00000035,1800.0,1.0,4,0.0,0.0
fixed-00000035,1800.0,1.0,5,0.0,0.0
fixed-00000035,1800.0,1.0,6,0.0,0.0
fixed-00000035,1800.0,1.0,7,0.0,0.0
fixed-00000035,1800.0,1.0,8,0.0,0.0
fixed-00000035,1800.0,1.0,9,0.0,0.0
fixed-00000035,1800.0,1.0,10,0.0,0.0
fixed-00000035,1800.0,1.0,11,0.0,0.0
fixed-00000035,1800.0,1.0,12,0.0,0.0
fixed-00000035,1800.0,1.0,13,0.0,0.0
fixed-00000035,1800.0,1.0,14,0.0,0.0
fixed-00000035,1800.0,1.0,15,0.0,0.0
fixed-00000035,1800.0,1.0,16,0.0,0.0
fixed-00000035,1800.0,1.0,17,0.0,0.0
fixed-00000035,1800.0,1.0,18,0.0,0.0
fixed-00000035,1800.0,1.0,19,0.0,0.0
fixed-00000035,1800.0,1.0,20,0.0,0.0
fixed-00000036,1850.0,1.0,-20,2.7731943454565683e-07,6.019426118638506
fixed-00000036,1850.0,1.0,-19,1.7605210923222456e-06,5.871142808338519
fixed-00000036,1850.0,1.0,-18,5.857379240941413e-06,5.719029889926503
fixed-00000036,1850.0,1.0,-17,3.386684589603461e-06,5.562773209623188
fixed-00000036,1850.0,1.0,-16,2.9650491696122315e-06,5.402013193380071
fixed-00000036,1850.0,1.0,-15,1.3165441683390474e-05,5.236335085458393
fixed-00000036,1850.0,1.0,-14,1.834080678799659e-05,5.0652563118798355
fixed-00000036,1850.0,1.0,-13,8.715216956561763e-06,4.888209860578456
fixed-00000036,1850.0,1.0,-12,2.5148248747829545e-05,4.704522026876745
fixed-00000036,1850.0,1.0,-11,6.758724064177569e-05,4.513381997138794
fixed-00000036,1850.0,1.0,-10,1.6621786227656726e-05,4.313799283621307
fixed-00000036,1850.0,1.0,-9,2.1403349215652572e-05,4.10454249452242
fixed-00000036,1850.0,1.0,-8,9.541327719642601e-05,3.884048340090743
fixed-00000036,1850.0,1.0,-7,4.894742354332155e-05,3.6502810141138156
fixed-00000036,1850.0,1.0,-6,5.62570506128548e-05,3.4005042239404446
fixed-00000036,1850.0,1.0,-5,5.849176486094738e-05,3.130888685256224
fixed-00000036,1850.0,1.0,-4,0.0011704047889193852,2.83578144353352
fixed-00000036,1850.0,1.0,-3,0.009572456644522429,2.506193578181964
fixed-00000036,1850.0,1.0,-2,0.046848731009483606,2.126149922556934
fixed-00000036,1850.0,1.0,-1,0.033854236133585736,1.6613783697076343
fixed-00000036,1850.0,1.0,0,0.1859694088388249,0.999999999999531
fixed-00000036,1850.0,1.0,1,0.0,0.0
fixed-00000036,1850.0,1.0,2,0.0,0.0
fixed-00000036,1850.0,1.0,3,0.0,0.0
fixed-00000036,1850.0,1.0,4,0.0,0.0
fixed-00000036,1850.0,1.0,5,0.0,0.0
fixed-00000036,1850.0,1.0,6,0.0,0.0
fixed-00000036,1850.0,1.0,7,0.0,0.0
fixed-00000036,1850.0,1.0,8,0.0,0.0
fixed-00000036,1850.0,1.0,9,0.0,0.0
fixed-00000036,1850.0,1.0,10,0.0,0.0
fixed-00000036,1850.0,1.0,11,0.0,0.0
fixed-00000036,1850.0,1.0,12,0.0,0.0
fixed-00000036,1850.0,1.0,13,0.0,0.0
fixed-00000036,1850.0,1.0,14,0.0,0.0
fixed-00000036,1850.0,1.0,15,0.0,0.0
fixed-00000036,1850.0,1.0,16,0.0,0.0
fixed-00000036,1850.0,1.0,17,0.0,0.0
fixed-00000036,1850.0,1.0,18,0.0,0.0
fixed-00000036,1850.0,1.0,19,0.0,0.0
fixed-00000036,1850.0,1.0,20,0.0,0.0
fixed-00000037,1900.0,1.0,-20,4.4428370319518815e-07,5.941841916530507
fixed-00000037,1900.0,1.0,-19,1.390854439055042e-06,5.795583718663309
fixed-00000037,1900.0,1.0,-18,4.631072119658474e-06,5.645550958774976
fixed-00000037,1900.0,1.0,-17,1.769907185423442e-06,5.491434265651932
fixed-00000037,1900.0,1.0,-16,1.606520983142626e-06,5.332879579201517
fixed-00000037,1900.0,1.0,-15,1.075940408624973e-05,5.169478555297218
fixed-00000037,1900.0,1.0,-14,1.299765121231503e-05,5.000756147315826
fixed-00000037,1900.0,1.0,-13,6.466262158965109e-06,4.826154277340066
fixed-00000037,1900.0,1.0,-12,2.0507639246994167e-05,4.645009977783943
fixed-00000037,1900.0,1.0,-11,6.67934352306714e-05,4.456525526542023
fixed-00000037,1900.0,1.0,-10,1.955263984616651e-05,4.259726669922742
fixed-00000037,1900.0,1.0,-9,2.887638434052342e-05,4.0534025538621705
fixed-00000037,1900.0,1.0,-8,0.0001247113486262881,3.8360165042788026
fixed-00000037,1900.0,1.0,-7,7.524148066752823e-05,3.605568241421892
fixed-00000037,1900.0,1.0,-6,1.4637688117301055e-05,3.3593706850824105
fixed-00000037,1900.0,1.0,-5,8.330207512230835e-06,3.093666070961291
fixed-00000037,1900.0,1.0,-4,0.0008456042995771074,2.802912304877097
fixed-00000037,1900.0,1.0,-3,0.0065662716719660005,2.478308749782002
fixed-00000037,1900.0,1.0,-2,0.039390897888752864,2.1042481647103557
fixed-00000037,1900.0,1.0,-1,0.023498814638813852,1.6473784009724
fixed-00000037,1900.0,1.0,0,0.20153814376727172,0.9999999999999005
fixed-00000037,1900.0,1.0,1,0.0,0.0
fixed-00000037,1900.0,1.0,2,0.0,0.0
fixed-00000037,1900.0,1.0,3,0.0,0.0
fixed-00000037,1900.0,1.0,4,0.0,0.0
fixed-00000037,1900.0,1.0,5,0.0,0.0
fixed-00000037,1900.0,1.0,6,0.0,0.0
fixed-00000037,1900.0,1.0,7,0.0,0.0
fixed-00000037,1900.0,1.0,8,0.0,0.0
fixed-00000037,1900.0,1.0,9,0.0,0.0
fixed-00000037,1900.0,1.0,10,0.0,0.0
fixed-00000037,1900.0,1.0,11,0.0,0.0
fixed-00000037,1900.0,1.0,12,0.0,0.0
fixed-00000037,1900.0,1.0,13,0.0,0.0
fixed-00000037,1900.0,1.0,14,0.0,0.0
fixed-00000037,1900.0,1.0,15,0.0,0.0
fixed-00000037,1900.0,1.0,16,0.0,0.0
fixed-00000037,1900.0,1.0,17,0.0,0.0
fixed-00000037,1900.0,1.0,18,0.0,0.0
fixed-00000037,1900.0,1.0,19,0.0,0.0
fixed-00000037,1900.0,1.0,20,0.0,0.0
fixed-00000038,1950.0,1.0,-20,9.779720354603466e-07,5.86729157197631
fixed-00000038,1950.0,1.0,-19,1.550958927942529e-06,5.722980554048718
fixed-00000038,1950.0,1.0,-18,3.2941905826975906e-06,5.574947943173527
fixed-00000038,1950.0,1.0,-17,1.7302151771594553e-06,5.422888972017617
fixed-00000038,1950.0,1.0,-16,8.648844706985487e-07,5.26645488865644
fixed-00000038,1950.0,1.0,-15,8.725279296078902e-06,5.10524352155754
fixed-00000038,1950.0,1.0,-14,9.01427594548384e-06,4.938787071167951
fixed-00000038,1950.0,1.0,-13,4.170411601656962e-06,4.766536061449813
fixed-00000038,1950.0,1.0,-12,1.674930606561559e-05,4.587837863064834
fixed-00000038,1950.0,1.0,-11,5.932124194551742e-05,4.401907359704921
fixed-00000038,1950.0,1.0,-10,2.1958268218988153e-05,4.207785930052097
fixed-00000038,1950.0,1.0,-9,3.4487183498508384e-05,4.004282497280798
fixed-00000038,1950.0,1.0,-8,0.00014112701936585924,3.7898860179675324
fixed-00000038,1950.0,1.0,-7,0.00010537372696965609,3.562630423960286
fixed-00000038,1950.0,1.0,-6,1.0115156141578112e-06,3.319876024007513
fixed-00000038,1950.0,1.0,-5,6.639159059672372e-05,3.0579339154856484
fixed-00000038,1950.0,1.0,-4,0.0006966138785943677,2.7713687158090323
fixed-00000038,1950.0,1.0,-3,0.004132020149444242,2.4515609248786916
fixed-00000038,1950.0,1.0,-2,0.030367309310042334,2.083256832683901
fixed-00000038,1950.0,1.0,-1,0.01787903549606989,1.6339855316782774
fixed-00000038,1950.0,1.0,0,0.20660036625719908,0.9999999999999005
fixed-00000038,1950.0,1.0,1,0.0,0.0
fixed-00000038,1950.0,1.0,2,0.0,0.0
fixed-00000038,1950.0,1.0,3,0.0,0.0
fixed-00000038,1950.0,1.0,4,0.0,0.0
fixed-00000038,1950.0,1.0,5,0.0,0.0
fixed-00000038,1950.0,1.0,6,0.0,0.0
fixed-00000038,1950.0,1.0,7,0.0,0.0
fixed-00000038,1950.0,1.0,8,0.0,0.0
fixed-00000038,1950.0,1.0,9,0.0,0.0
fixed-00000038,1950.0,1.0,10,0.0,0.0
fixed-00000038,1950.0,1.0,11,0.0,0.0
fixed-00000038,1950.0,1.0,12,0.0,0.0
fixed-00000038,1950.0,1.0,13,0.0,0.0
fixed-00000038,1950.0,1.0,14,0.0,0.0
fixed-00000038,1950.0,1.0,15,0.0,0.0
fixed-00000038,1950.0,1.0,16,0.0,0.0
fixed-00000038,1950.0,1.0,17,0.0,0.0
fixed-00000038,1950.0,1.0,18,0.0,0.0
fixed-00000038,1950.0,1.0,19,0.0,0.0
fixed-00000038,1950.0,1.0,20,0.0,0.0
fixed-00000039,2000.0,1.0,-20,1.4995256212805954e-06,5.79558371866338
fixed-00000039,2000.0,1.0,-19,1.8462269160042155e-06,5.653146851410668
fixed-00000039,2000.0,1.0,-18,1.888099436988733e-06,5.507039412677614
fixed-00000039,2000.0,1.0,-17,2.652338311993014e-06,5.356961071418411
fixed-00000039,2000.0,1.0,-16,7.724649569223297e-07,5.202568190854237
fixed-00000039,2000.0,1.0,-15,7.18274708061537e-06,5.043464547841566
fixed-00000039,2000.0,1.0,-14,6.701750621524449e-06,4.879189326968472
fixed-00000039,2000.0,1.0,-13,2.3680110380695703e-06,4.7092013423582415
fixed-00000039,2000.0,1.0,-12,1.5163147320276023e-05,4.532857928715643
fixed-00000039,2000.0,1.0,-11,4.802449282636012e-05,4.3493861197592025
fixed-00000039,2000.0,1.0,-10,2.4036918309349845e-05,4.157842361919549
fixed-00000039,2000.0,1.0,-9,3.580271416876102e-05,3.9570546418504193
fixed-00000039,2000.0,1.0,-8,0.00014954298122922988,3.7455366221714144
fixed-00000039,2000.0,1.0,-7,0.0001304143476847257,3.5213552118628257
fixed-00000039,2000.0,1.0,-6,2.02023658589975e-06,3.2819163962671922
fixed-00000039,2000.0,1.0,-5,0.00017451769879284193,3.0235976374504787
fixed-00000039,2000.0,1.0,-4,0.0006633933132771289,2.7410663663429062
fixed-00000039,2000.0,1.0,-3,0.0022724152097600486,2.4258775030592545
fixed-00000039,2000.0,1.0,-2,0.02050435548448972,2.0631173383810193
fixed-00000039,2000.0,1.0,-1,0.01772940833581688,1.621159854615172
fixed-00000039,2000.0,1.0,0,0.19352740025172607,0.9999999999999005
fixed-00000039,2000.0,1.0,1,0.0,0.0
fixed-00000039,2000.0,1.0,2,0.0,0.0
fixed-00000039,2000.0,1.0,3,0.0,0.0
fixed-00000039,2000.0,1.0,4,0.0,0.0
fixed-00000039,2000.0,1.0,5,0.0,0.0
fixed-00000039,2000.0,1.0,6,0.0,0.0
fixed-00000039,2000.0,1.0,7,0.0,0.0
fixed-00000039,2000.0,1.0,8,0.0,0.0
fixed-00000039,2000.0,1.0,9,0.0,0.0
fixed-00000039,2000.0,1.0,10,0.0,0.0
fixed-00000039,2000.0,1.0,11,0.0,0.0
fixed-00000039,2000.0,1.0,12,0.0,0.0
fixed-00000039,2000.0,1.0,13,0.0,0.0
fixed-00000039,2000.0,1.0,14,0.0,0.0
fixed-00000039,2000.0,1.0,15,0.0,0.0
fixed-00000039,2000.0,1.0,16,0.0,0.0
fixed-00000039,2000.0,1.0,17,0.0,0.0
fixed-00000039,2000.0,1.0,18,0.0,0.0
fixed-00000039,2000.0,1.0,19,0.0,0.0
fixed-00000039,2000.0,1.0,20,0.0,0.0
fixed-00000040,2050.0,1.0,-20,1.6276077635790455e-06,5.726543455680968
fixed-00000040,2050.0,1.0,-19,1.7785975540012602e-06,5.58591219124915
fixed-00000040,2050.0,1.0,-18,7.391453002449328e-07,5.441659547551083
fixed-00000040,2050.0,1.0,-17,3.150444124964371e-06,5.293489472379562
fixed-00000040,2050.0,1.0,-16,1.1249092665410478e-06,5.141063262753548
fixed-00000040,2050.0,1.0,-15,5.9463350732390045e-06,4.983990433263273
fixed-00000040,2050.0,1.0,-14,5.660476399704882e-06,4.82181690558221
fixed-00000040,2050.0,1.0,-13,1.0941838690412436e-06,4.654009491075897
fixed-00000040,2050.0,1.0,-12,1.4961702489424646e-05,4.4799351368254605
fixed-00000040,2050.0,1.0,-11,3.522444376536011e-05,4.298832598216478
fixed-00000040,2050.0,1.0,-10,2.26112072601431e-05,4.109772858701163
fixed-00000040,2050.0,1.0,-9,3.348024763321298e-05,3.9116022974194777
fixed-00000040,2050.0,1.0,-8,0.00014846828333670015,3.7028584136860587
fixed-00000040,2050.0,1.0,-7,0.00012899102146248168,3.481639932724562
fixed-00000040,2050.0,1.0,-6,1.0581999821873887e-05,3.2453969058251175
fixed-00000040,2050.0,1.0,-5,0.00030152901377905654,2.9905708104901265
fixed-00000040,2050.0,1.0,-4,0.0006403548317645664,2.711928222677855
fixed-00000040,2050.0,1.0,-3,0.0009839683065410434,2.4011921598898454
fixed-00000040,2050.0,1.0,-2,0.011075136117319796,2.0437761763499083
fixed-00000040,2050.0,1.0,-1,0.021309430951846686,1.6088649635830876
fixed-00000040,2050.0,1.0,0,0.1508197801331447,0.9999999999999005
fixed-00000040,2050.0,1.0,1,0.0,0.0
fixed-00000040,2050.0,1.0,2,0.0,0.0
fixed-00000040,2050.0,1.0,3,0.0,0.0
fixed-00000040,2050.0,1.0,4,0.0,0.0
fixed-00000040,2050.0,1.0,5,0.0,0.0
fixed-00000040,2050.0,1.0,6,0.0,0.0
fixed-00000040,2050.0,1.0,7,0.0,0.0
fixed-00000040,2050.0,1.0,8,0.0,0.0
fixed-00000040,2050.0,1.0,9,0.0,0.0
fixed-00000040,2050.0,1.0,10,0.0,0.0
fixed-00000040,2050.0,1.0,11,0.0,0.0
fixed-00000040,2050.0,1.0,12,0.0,0.0
fixed-00000040,2050.0,1.0,13,0.0,0.0
fixed-00000040,2050.0,1.0,14,0.0,0.0
fixed-00000040,2050.0,1.0,15,0.0,0.0
fixed-00000040,2050.0,1.0,16,0.0,0.0
fixed-00000040,2050.0,1.0,17,0.0,0.0
fixed-00000040,2050.0,1.0,18,0.0,0.0
fixed-00000040,2050.0,1.0,19,0.0,0.0
fixed-00000040,2050.0,1.0,20,0.0,0.0
fixed-00000041,2100.0,1.0,-20,1.0799659455063021e-06,5.660010570330854
fixed-00000041,2100.0,1.0,-19,8.900784347790468e-07,5.5211204660151765
fixed-00000041,2100.0,1.0,-18,1.5786750101649688e-07,5.378656453875905
fixed-00000041,2100.0,1.0,-17,1.3488347621639767e-06,5.232326612394644
fixed-00000041,2100.0,1.0,-16,1.092149704683937e-06,5.081797001742743
fixed-00000041,2100.0,1.0,-15,3.527420904970518e-06,4.926682676009079
fixed-00000041,2100.0,1.0,-14,4.052300839527855e-06,4.766536061449884
fixed-00000041,2100.0,1.0,-13,3.6431027986252705e-07,4.60083169098786
fixed-00000041,2100.0,1.0,-12,1.187318035705181e-05,4.42894579307756
fixed-00000041,2100.0,1.0,-11,1.5423204309148326e-05,4.250128441543538
fixed-00000041,2100.0,1.0,-10,1.0273770482274813e-05,4.06346465721623
fixed-00000041,2100.0,1.0,-9,2.3518228628154817e-05,3.8678185799451796
fixed-00000041,2100.0,1.0,-8,9.088319660632458e-05,3.661750727078541
fixed-00000041,2100.0,1.0,-7,7.377585507277451e-05,3.443390546684313
fixed-00000041,2100.0,1.0,-6,8.070726369314488e-06,3.2102306386705237
fixed-00000041,2100.0,1.0,-5,0.0002512024593208179,2.9587742822905767
fixed-00000041,2100.0,1.0,-4,0.00038391251835165563,2.6838837408036937
fixed-00000041,2100.0,1.0,-3,0.0004194690903062868,2.377444168047276
fixed-00000041,2100.0,1.0,-2,0.0035658108804150564,2.025184372977648
fixed-00000041,2100.0,1.0,-1,0.01766233810056021,1.597067571577469
fixed-00000041,2100.0,1.0,0,0.051219949864148524,1.0000000000002558
fixed-00000041,2100.0,1.0,1,0.0,0.0
fixed-00000041,2100.0,1.0,2,0.0,0.0
fixed-00000041,2100.0,1.0,3,0.0,0.0
fixed-00000041,2100.0,1.0,4,0.0,0.0
fixed-00000041,2100.0,1.0,5,0.0,0.0
fixed-00000041,2100.0,1.0,6,0.0,0.0
fixed-00000041,2100.0,1.0,7,0.0,0.0
fixed-00000041,2100.0,1.0,8,0.0,0.0
fixed-00000041,2100.0,1.0,9,0.0,0.0
fixed-00000041,2100.0,1.0,10,0.0,0.0
fixed-00000041,2100.0,1.0,11,0.0,0.0
fixed-00000041,2100.0,1.0,12,0.0,0.0
fixed-00000041,2100.0,1.0,13,0.0,0.0
fixed-00000041,2100.0,1.0,14,0.0,0.0
fixed-00000041,2100.0,1.0,15,0.0,0.0
fixed-00000041,2100.0,1.0,16,0.0,0.0
fixed-00000041,2100.0,1.0,17,0.0,0.0
fixed-00000041,2100.0,1.0,18,0.0,0.0
fixed-00000041,2100.0,1.0,19,0.0,0.0
fixed-00000041,2100.0,1.0,20,0.0,0.0
fixed-00000042,2150.0,1.0,-20,1.942114601974615e-06,5.59583798986354
fixed-00000042,2150.0,1.0,-19,9.798145361790947e-07,5.458628371528434
fixed-00000042,2150.0,1.0,-18,8.820292394151722e-08,5.317890695687026
fixed-00000042,2150.0,1.0,-17,1.4123537976775374e-06,5.173337031902179
fixed-00000042,2150.0,1.0,-16,8.91783344934596e-07,5.024638042683122
fixed-00000042,2150.0,1.0,-15,5.455937980192523e-07,4.871414134793213
fixed-00000042,2150.0,1.0,-14,2.388609665869748e-06,4.713224019937556
fixed-00000042,2150.0,1.0,-13,2.0292338829510347e-07,4.549549692744549
fixed-00000042,2150.0,1.0,-12,3.781600463888573e-06,4.379776351024617
fixed-00000042,2150.0,1.0,-11,1.0435593000487078e-05,4.203165006905408
fixed-00000042,2150.0,1.0,-10,3.213169709261298e-06,4.018814247514484
fixed-00000042,2150.0,1.0,-9,1.3335917690796838e-05,3.825605377674407
fixed-00000042,2150.0,1.0,-8,4.874198430992847e-05,3.6221211606904404
fixed-00000042,2150.0,1.0,-7,3.0499687995933746e-05,3.4065207361132224
fixed-00000042,2150.0,1.0,-6,9.707589896767955e-06,3.1763378209342505
fixed-00000042,2150.0,1.0,-5,0.00012836412109626892,2.928135407144495
fixed-00000042,2150.0,1.0,-4,0.00014335983093115428,2.656868181463466
fixed-00000042,2150.0,1.0,-3,0.00015245185626040726,2.354577805992875
fixed-00000042,2150.0,1.0,-2,0.0014870412414086185,2.0072970067893436
fixed-00000042,2150.0,1.0,-1,0.004315658255464366,1.585737178457066
fixed-00000042,2150.0,1.0,0,0.029408059363954596,0.999999999999531
fixed-00000042,2150.0,1.0,1,0.0,0.0
fixed-00000042,2150.0,1.0,2,0.0,0.0
fixed-00000042,2150.0,1.0,3,0.0,0.0
fixed-00000042,2150.0,1.0,4,0.0,0.0
fixed-00000042,2150.0,1.0,5,0.0,0.0
fixed-00000042,2150.0,1.0,6,0.0,0.0
fixed-00000042,2150.0,1.0,7,0.0,0.0
fixed-00000042,2150.0,1.0,8,0.0,0.0
fixed-00000042,2150.0,1.0,9,0.0,0.0
fixed-00000042,2150.0,1.0,10,0.0,0.0
fixed-00000042,2150.0,1.0,11,0.0,0.0
fixed-00000042,2150.0,1.0,12,0.0,0.0
fixed-00000042,2150.0,1.0,13,0.0,0.0
fixed-00000042,2150.0,1.0,14,0.0,0.0
fixed-00000042,2150.0,1.0,15,0.0,0.0
fixed-00000042,2150.0,1.0,16,0.0,0.0
fixed-00000042,2150.0,1.0,17,0.0,0.0
fixed-00000042,2150.0,1.0,18,0.0,0.0
fixed-00000042,2150.0,1.0,19,0.0,0.0
fixed-00000042,2150.0,1.0,20,0.0,0.0
