energy_ev,selected_grazing_angle_deg,selected_efficiency,precise_fwhm_deg,retry_triggered,retry_attempts,retry_status,selected_efficiency_is_exact_zero,selected_efficiency_below_retry_threshold,theta_tracking_center_mode,theta_tracking_auto_classification,theta_tracking_previous_energy_ev,theta_tracking_previous_grazing_angle_deg,theta_tracking_used_previous_theta,theta_tracking_bragg_fallback_triggered,theta_tracking_continuity_rejected,precise_peak_selection_mode_requested,precise_peak_selection_mode_used,precise_peak_fit_fallback_used,precise_peak_fitted_center_deg,precise_peak_fitted_fwhm_deg
500.000000,14.184111,0.00916033,0.32859390,0,0,not_needed,0,0,bragg,initial,,,0,0,0,voigt,voigt,0,14.18411103,0.29808345
510.000000,13.869297,0.00577568,0.31611753,0,0,not_needed,0,0,tracked_previous,auto_dense,500.000000,14.184111,1,0,0,voigt,voigt,0,13.86929726,0.27759357
520.000000,13.575789,0.00264153,0.30807923,0,0,not_needed,0,0,tracked_previous,auto_dense,500.000000,14.184111,1,0,0,voigt,voigt,0,13.57578906,0.30462010
530.000000,13.354027,0.00056442,0.34186242,1,3,retry_exhausted,0,1,bragg,initial,,,0,0,0,voigt,voigt,0,13.35402688,0.40508664
540.000000,12.926199,0.00132810,0.28932694,0,0,not_needed,0,0,bragg,auto_sparse,500.000000,14.184111,0,0,0,voigt,voigt,0,12.92619860,0.25498126
550.000000,12.634366,0.01003056,0.27718141,0,0,not_needed,0,0,bragg,auto_sparse,500.000000,14.184111,0,0,0,voigt,voigt,0,12.63436593,0.24797831
560.000000,12.337319,0.04343295,0.28113365,0,0,not_needed,0,0,tracked_previous,auto_dense,550.000000,12.634366,1,0,0,voigt,voigt,0,12.33731932,0.24833400
570.000000,11.929976,0.23846657,0.36331187,0,0,not_needed,0,0,tracked_previous,auto_dense,550.000000,12.634366,1,0,0,voigt,voigt,0,11.92997599,0.33397248
580.000000,11.757700,0.05494101,0.77094300,0,0,not_needed,0,0,bragg,auto_sparse,550.000000,12.634366,0,0,0,voigt,voigt,0,11.75769972,0.53002064
590.000000,11.643338,0.04068190,0.70180076,0,0,not_needed,0,0,bragg,auto_sparse,550.000000,12.634366,0,0,0,voigt,voigt,0,11.64333808,0.49756097
600.000000,11.468154,0.03890707,0.66333405,0,0,not_needed,0,0,bragg,auto_sparse,550.000000,12.634366,0,0,0,voigt,voigt,0,11.46815369,0.64434996
610.000000,11.285369,0.03903038,0.63033016,0,0,not_needed,0,0,bragg,auto_sparse,550.000000,12.634366,0,0,0,voigt,voigt,0,11.28536947,0.60788644
620.000000,11.102934,0.03988020,0.60252167,0,0,not_needed,0,0,bragg,auto_sparse,550.000000,12.634366,0,0,0,voigt,voigt,0,11.10293388,0.47802282
630.000000,10.918703,0.04096984,0.57673643,0,0,not_needed,0,0,bragg,auto_sparse,550.000000,12.634366,0,0,0,voigt,voigt,0,10.91870275,0.54717581
640.000000,10.736045,0.04215621,0.55510435,0,0,not_needed,0,0,bragg,auto_sparse,550.000000,12.634366,0,0,0,voigt,voigt,0,10.73604498,0.52755166
650.000000,10.557655,0.04357297,0.54025143,0,0,not_needed,0,0,bragg,auto_sparse,550.000000,12.634366,0,0,0,voigt,voigt,0,10.55765498,0.51244022
660.000000,10.383545,0.04500181,0.52663001,0,0,not_needed,0,0,bragg,auto_sparse,550.000000,12.634366,0,0,0,voigt,voigt,0,10.38354541,0.49879584
670.000000,10.212628,0.04634979,0.51572369,0,0,not_needed,0,0,bragg,auto_sparse,550.000000,12.634366,0,0,0,voigt,voigt,0,10.21262763,0.48812185
680.000000,10.047132,0.04796547,0.50873801,0,0,not_needed,0,0,bragg,auto_sparse,550.000000,12.634366,0,0,0,voigt,voigt,0,10.04713220,0.48143439
690.000000,9.887168,0.04974395,0.50249848,0,0,not_needed,0,0,bragg,auto_sparse,550.000000,12.634366,0,0,0,voigt,voigt,0,9.88716787,0.47565862
700.000000,9.732234,0.05162473,0.49657282,0,0,not_needed,0,0,bragg,auto_sparse,550.000000,12.634366,0,0,0,voigt,voigt,0,9.73223448,0.47034206
710.000000,9.582038,0.05368054,0.49072235,0,0,not_needed,0,0,bragg,auto_sparse,550.000000,12.634366,0,0,0,voigt,voigt,0,9.58203766,0.46523516
720.000000,9.436972,0.05603617,0.48502485,0,0,not_needed,0,0,bragg,auto_sparse,550.000000,12.634366,0,0,0,voigt,voigt,0,9.43697248,0.47171768
730.000000,9.296603,0.05873732,0.47825809,0,0,not_needed,0,0,bragg,auto_sparse,550.000000,12.634366,0,0,0,voigt,voigt,0,9.29660280,0.46522094
740.000000,9.160795,0.06163969,0.46915726,0,0,not_needed,0,0,bragg,auto_sparse,500.000000,14.184111,0,0,0,voigt,voigt,0,9.16079457,0.45114831
750.000000,9.027233,0.06443651,0.45910382,0,0,not_needed,0,0,bragg,auto_sparse,500.000000,14.184111,0,0,0,voigt,voigt,0,9.02723272,0.44163751
760.000000,8.896350,0.06714395,0.44911389,0,0,not_needed,0,0,bragg,auto_sparse,500.000000,14.184111,0,0,0,voigt,voigt,0,8.89635038,0.43216450
770.000000,8.768409,0.06984057,0.43930710,0,0,not_needed,0,0,bragg,auto_sparse,500.000000,14.184111,0,0,0,voigt,voigt,0,8.76840901,0.42282965
780.000000,8.642550,0.07250848,0.44283041,0,0,not_needed,0,0,tracked_previous,auto_dense,770.000000,8.768409,1,0,0,voigt,voigt,0,8.64255044,0.42630615
790.000000,8.521305,0.07517693,0.42104174,0,0,not_needed,0,0,bragg,auto_sparse,500.000000,14.184111,0,0,0,voigt,voigt,0,8.52130480,0.40676143
800.000000,8.401414,0.07791382,0.42528640,0,0,not_needed,0,0,tracked_previous,auto_dense,790.000000,8.521305,1,0,0,voigt,voigt,0,8.40141416,0.40883272
810.000000,8.285046,0.08067667,0.40660502,0,0,not_needed,0,0,tracked_previous,auto_dense,790.000000,8.521305,1,0,0,voigt,voigt,0,8.28504604,0.39224473
820.000000,8.171423,0.08355396,0.39903368,0,0,not_needed,0,0,bragg,auto_sparse,790.000000,8.521305,0,0,0,voigt,voigt,0,8.17142294,0.38790388
830.000000,8.060742,0.08662738,0.39076295,0,0,not_needed,0,0,bragg,auto_sparse,790.000000,8.521305,0,0,0,voigt,voigt,0,8.06074215,0.38079827
840.000000,7.952712,0.08991002,0.38200934,0,0,not_needed,0,0,bragg,auto_sparse,790.000000,8.521305,0,0,0,voigt,voigt,0,7.95271205,0.37350409
850.000000,7.846904,0.09324807,0.37230415,0,0,not_needed,0,0,bragg,auto_sparse,790.000000,8.521305,0,0,0,voigt,voigt,0,7.84690411,0.36563267
860.000000,7.743213,0.09652809,0.36248374,0,0,not_needed,0,0,bragg,auto_sparse,790.000000,8.521305,0,0,0,voigt,voigt,0,7.74321260,0.35761012
870.000000,7.641784,0.09975737,0.35405225,0,0,not_needed,0,0,bragg,auto_sparse,790.000000,8.521305,0,0,0,voigt,voigt,0,7.64178399,0.35474651
880.000000,7.542287,0.10296081,0.34563196,0,0,not_needed,0,0,bragg,auto_sparse,790.000000,8.521305,0,0,0,voigt,voigt,0,7.54228679,0.34811692
890.000000,7.444775,0.10609362,0.34141188,0,0,not_needed,0,0,bragg,auto_sparse,790.000000,8.521305,0,0,0,voigt,voigt,0,7.44477516,0.32815835
900.000000,7.349164,0.10913148,0.34465351,0,0,not_needed,0,0,bragg,auto_sparse,790.000000,8.521305,0,0,0,voigt,voigt,0,7.34916390,0.32251910
910.000000,7.255541,0.11214450,0.34967867,0,0,not_needed,0,0,bragg,auto_sparse,790.000000,8.521305,0,0,0,voigt,voigt,0,7.25554108,0.31832355
920.000000,7.163947,0.11511897,0.34109559,0,0,not_needed,0,0,bragg,auto_sparse,790.000000,8.521305,0,0,0,voigt,voigt,0,7.16394655,0.31536956
930.000000,7.074724,0.11813578,0.31920824,0,0,not_needed,0,0,bragg,auto_sparse,840.000000,7.952712,0,0,0,voigt,voigt,0,7.07472443,0.31343652
940.000000,6.987081,0.12123555,0.31444562,0,0,not_needed,0,0,bragg,auto_sparse,840.000000,7.952712,0,0,0,voigt,voigt,0,6.98708053,0.30780678
950.000000,6.901247,0.12441114,0.31366113,0,0,not_needed,0,0,bragg,auto_sparse,880.000000,7.542287,0,0,0,voigt,voigt,0,6.90124688,0.29908463
960.000000,6.817191,0.12768078,0.30947845,0,0,not_needed,0,0,bragg,auto_sparse,880.000000,7.542287,0,0,0,voigt,voigt,0,6.81719102,0.29358744
970.000000,6.734871,0.13102530,0.29655585,0,0,not_needed,0,0,bragg,auto_sparse,890.000000,7.444775,0,0,0,voigt,voigt,0,6.73487120,0.29171098
980.000000,6.654111,0.13440718,0.29234832,0,0,not_needed,0,0,bragg,auto_sparse,890.000000,7.444775,0,0,0,voigt,voigt,0,6.65411146,0.28657761
990.000000,6.574866,0.13773018,0.28825038,0,0,not_needed,0,0,bragg,auto_sparse,890.000000,7.444775,0,0,0,voigt,voigt,0,6.57486617,0.28155550
1000.000000,6.497151,0.14106465,0.28423981,0,0,not_needed,0,0,bragg,auto_sparse,890.000000,7.444775,0,0,0,voigt,voigt,0,6.49715084,0.27687886
1010.000000,6.420889,0.14424293,0.28046932,0,0,not_needed,0,0,bragg,auto_sparse,890.000000,7.444775,0,0,0,voigt,voigt,0,6.42088886,0.27256057
1020.000000,6.346069,0.14743826,0.28341364,0,0,not_needed,0,0,bragg,auto_sparse,900.000000,7.349164,0,0,0,voigt,voigt,0,6.34606863,0.26505864
1030.000000,6.272768,0.15065505,0.27982377,0,0,not_needed,0,0,bragg,auto_sparse,900.000000,7.349164,0,0,0,voigt,voigt,0,6.27276840,0.26066051
1040.000000,6.200908,0.15390572,0.27620161,0,0,not_needed,0,0,bragg,auto_sparse,900.000000,7.349164,0,0,0,voigt,voigt,0,6.20090816,0.25639900
1050.000000,6.130407,0.15723349,0.27244841,0,0,not_needed,0,0,bragg,auto_sparse,900.000000,7.349164,0,0,0,voigt,voigt,0,6.13040657,0.25215307
1060.000000,6.061291,0.16061427,0.26909644,0,0,not_needed,0,0,bragg,auto_sparse,900.000000,7.349164,0,0,0,voigt,voigt,0,6.06129127,0.24819786
1070.000000,5.993433,0.16379592,0.26573489,0,0,not_needed,0,0,bragg,auto_sparse,900.000000,7.349164,0,0,0,voigt,voigt,0,5.99343297,0.24441033
1080.000000,5.926770,0.16700448,0.25720883,0,0,not_needed,0,0,bragg,auto_sparse,900.000000,7.349164,0,0,0,voigt,voigt,0,5.92676980,0.24421682
1090.000000,5.861538,0.17019606,0.24831280,0,0,not_needed,0,0,bragg,auto_sparse,900.000000,7.349164,0,0,0,voigt,voigt,0,5.86153770,0.24142523
1100.000000,5.797236,0.17346183,0.24465862,0,0,not_needed,0,0,bragg,auto_sparse,900.000000,7.349164,0,0,0,voigt,voigt,0,5.79723608,0.23345655
1110.000000,5.734021,0.17667479,0.24362229,0,0,not_needed,0,0,bragg,auto_sparse,900.000000,7.349164,0,0,0,voigt,voigt,0,5.73402076,0.22943007
1120.000000,5.671958,0.17990008,0.24450494,0,0,not_needed,0,0,bragg,auto_sparse,900.000000,7.349164,0,0,0,voigt,voigt,0,5.67195842,0.22707761
1130.000000,5.610927,0.18316667,0.24403352,0,0,not_needed,0,0,bragg,auto_sparse,900.000000,7.349164,0,0,0,voigt,voigt,0,5.61092749,0.22467046
1140.000000,5.551099,0.18641133,0.23633992,0,0,not_needed,0,0,bragg,auto_sparse,900.000000,7.349164,0,0,0,voigt,voigt,0,5.55109879,0.22264503
1150.000000,5.492598,0.18954805,0.23122928,0,0,not_needed,0,0,bragg,auto_sparse,900.000000,7.349164,0,0,0,voigt,voigt,0,5.49259753,0.22313019
1160.000000,5.434717,0.19275382,0.23019503,0,0,not_needed,0,0,bragg,auto_sparse,900.000000,7.349164,0,0,0,voigt,voigt,0,5.43471658,0.21800598
1170.000000,5.377725,0.19601771,0.22965551,0,0,not_needed,0,0,bragg,auto_sparse,900.000000,7.349164,0,0,0,voigt,voigt,0,5.37772528,0.21384197
1180.000000,5.321734,0.19929864,0.22966906,0,0,not_needed,0,0,bragg,auto_sparse,900.000000,7.349164,0,0,0,voigt,voigt,0,5.32173445,0.21055455
1190.000000,5.266725,0.20255179,0.23079553,0,0,not_needed,0,0,bragg,auto_sparse,900.000000,7.349164,0,0,0,voigt,voigt,0,5.26672527,0.20809559
1200.000000,5.212272,0.20586687,0.21804464,0,0,not_needed,0,0,bragg,auto_sparse,900.000000,7.349164,0,0,0,voigt,voigt,0,5.21227243,0.20496806
1210.000000,5.159828,0.20883464,0.21560044,0,0,not_needed,0,0,bragg,auto_sparse,930.000000,7.074724,0,0,0,voigt,voigt,0,5.15982756,0.20763561
1220.000000,5.107557,0.21205619,0.21369078,0,0,not_needed,0,0,bragg,auto_sparse,950.000000,6.901247,0,0,0,voigt,voigt,0,5.10755679,0.20207022
1230.000000,5.056077,0.21525837,0.21257641,0,0,not_needed,0,0,bragg,auto_sparse,950.000000,6.901247,0,0,0,voigt,voigt,0,5.05607658,0.19857394
1240.000000,5.005454,0.21849041,0.21218543,0,0,not_needed,0,0,bragg,auto_sparse,950.000000,6.901247,0,0,0,voigt,voigt,0,5.00545381,0.19604994
1250.000000,4.955723,0.22171304,0.20335306,0,0,not_needed,0,0,bragg,auto_sparse,1040.000000,6.200908,0,0,0,voigt,voigt,0,4.95572317,0.19625527
1260.000000,4.906803,0.22486276,0.20163411,0,0,not_needed,0,0,bragg,auto_sparse,1040.000000,6.200908,0,0,0,voigt,voigt,0,4.90680323,0.19019028
1270.000000,4.858541,0.22810077,0.20103005,0,0,not_needed,0,0,bragg,auto_sparse,1060.000000,6.061291,0,0,0,voigt,voigt,0,4.85854104,0.19212879
1280.000000,4.811074,0.23130634,0.19935700,0,0,not_needed,0,0,bragg,auto_sparse,1060.000000,6.061291,0,0,0,voigt,voigt,0,4.81107447,0.19028534
1290.000000,4.764404,0.23447026,0.20283779,0,0,not_needed,0,0,bragg,auto_sparse,1060.000000,6.061291,0,0,0,voigt,voigt,0,4.76440424,0.18810877
1300.000000,4.718355,0.23773176,0.19962525,0,0,not_needed,0,0,bragg,auto_sparse,1200.000000,5.212272,0,0,0,voigt,voigt,0,4.71835509,0.18434120
1310.000000,4.673071,0.24086128,0.19817125,0,0,not_needed,0,0,bragg,auto_sparse,1200.000000,5.212272,0,0,0,voigt,voigt,0,4.67307121,0.18280657
1320.000000,4.628428,0.24405849,0.19640176,0,0,not_needed,0,0,bragg,auto_sparse,1200.000000,5.212272,0,0,0,voigt,voigt,0,4.62842787,0.18125645
1330.000000,4.584475,0.24720476,0.19446223,0,0,not_needed,0,0,bragg,auto_sparse,1200.000000,5.212272,0,0,0,voigt,voigt,0,4.58447451,0.17974555
1340.000000,4.541176,0.25033448,0.19252379,0,0,not_needed,0,0,bragg,auto_sparse,1200.000000,5.212272,0,0,0,voigt,voigt,0,4.54117573,0.17826154
1350.000000,4.498503,0.25347055,0.19056680,0,0,not_needed,0,0,bragg,auto_sparse,1200.000000,5.212272,0,0,0,voigt,voigt,0,4.49850259,0.17679111
1360.000000,4.456522,0.25651453,0.18861643,0,0,not_needed,0,0,bragg,auto_sparse,1200.000000,5.212272,0,0,0,voigt,voigt,0,4.45652228,0.17295644
1370.000000,4.415080,0.25964449,0.18666130,0,0,not_needed,0,0,bragg,auto_sparse,1200.000000,5.212272,0,0,0,voigt,voigt,0,4.41508038,0.17151225
1380.000000,4.374297,0.26265501,0.18481629,0,0,not_needed,0,0,bragg,auto_sparse,1200.000000,5.212272,0,0,0,voigt,voigt,0,4.37429669,0.17013168
1390.000000,4.334033,0.26577319,0.18289038,0,0,not_needed,0,0,bragg,auto_sparse,1200.000000,5.212272,0,0,0,voigt,voigt,0,4.33403313,0.16871073
1400.000000,4.294424,0.26872077,0.18097526,0,0,not_needed,0,0,bragg,auto_sparse,1200.000000,5.212272,0,0,0,voigt,voigt,0,4.29442444,0.16736905
1410.000000,4.255304,0.27176894,0.17895845,0,0,not_needed,0,0,bragg,auto_sparse,1200.000000,5.212272,0,0,0,voigt,voigt,0,4.25530434,0.16597942
1420.000000,4.216778,0.27467631,0.17776971,0,0,not_needed,0,0,bragg,auto_sparse,1210.000000,5.159828,0,0,0,voigt,voigt,0,4.21677790,0.16285134
1430.000000,4.178748,0.27773929,0.17669959,0,0,not_needed,0,0,bragg,auto_sparse,1210.000000,5.159828,0,0,0,voigt,voigt,0,4.17874751,0.16179030
1440.000000,4.141328,0.28068924,0.17229213,0,0,not_needed,0,0,bragg,auto_sparse,1220.000000,5.107557,0,0,0,voigt,voigt,0,4.14132828,0.16010805
1450.000000,4.104353,0.28374335,0.17125369,0,0,not_needed,0,0,bragg,auto_sparse,1220.000000,5.107557,0,0,0,voigt,voigt,0,4.10435317,0.15907323
1460.000000,4.067964,0.28659791,0.17030158,0,0,not_needed,0,0,bragg,auto_sparse,1220.000000,5.107557,0,0,0,voigt,voigt,0,4.06796448,0.15811360
1470.000000,4.032017,0.28954084,0.16741760,0,0,not_needed,0,0,bragg,auto_sparse,1240.000000,5.005454,0,0,0,voigt,voigt,0,4.03201712,0.15777911
1480.000000,3.996605,0.29239148,0.16636256,0,0,not_needed,0,0,bragg,auto_sparse,1240.000000,5.005454,0,0,0,voigt,voigt,0,3.99660465,0.15679263
1490.000000,3.961619,0.29524833,0.16531757,0,0,not_needed,0,0,bragg,auto_sparse,1240.000000,5.005454,0,0,0,voigt,voigt,0,3.96161885,0.15578886
1500.000000,3.927116,0.29801136,0.16430381,0,0,not_needed,0,0,bragg,auto_sparse,1240.000000,5.005454,0,0,0,voigt,voigt,0,3.92711631,0.15479289
1510.000000,3.893053,0.30089140,0.16328461,0,0,not_needed,0,0,bragg,auto_sparse,1240.000000,5.005454,0,0,0,voigt,voigt,0,3.89305322,0.15377793
1520.000000,3.859418,0.30402858,0.16225896,0,0,not_needed,0,0,bragg,auto_sparse,1240.000000,5.005454,0,0,0,voigt,voigt,0,3.85941816,0.15274245
1530.000000,3.826253,0.30729792,0.16126664,0,0,not_needed,0,0,bragg,auto_sparse,1240.000000,5.005454,0,0,0,voigt,voigt,0,3.82625273,0.15171818
1540.000000,3.793461,0.31075028,0.16026668,0,0,not_needed,0,0,bragg,auto_sparse,1240.000000,5.005454,0,0,0,voigt,voigt,0,3.79346150,0.15065949
1550.000000,3.761211,0.31390325,0.15884135,0,0,not_needed,0,0,bragg,auto_sparse,1270.000000,4.858541,0,0,0,voigt,voigt,0,3.76121059,0.14730889
1560.000000,3.729299,0.31712153,0.15794458,0,0,not_needed,0,0,bragg,auto_sparse,1270.000000,4.858541,0,0,0,voigt,voigt,0,3.72929945,0.14644730
1570.000000,3.697837,0.32025880,0.15603681,0,0,not_needed,0,0,bragg,auto_sparse,1360.000000,4.456522,0,0,0,voigt,voigt,0,3.69783658,0.14142935
1580.000000,3.666769,0.32343633,0.15511980,0,0,not_needed,0,0,bragg,auto_sparse,1360.000000,4.456522,0,0,0,voigt,voigt,0,3.66676888,0.14078642
1590.000000,3.636008,0.32669289,0.15997396,0,0,not_needed,0,0,bragg,auto_sparse,1370.000000,4.415080,0,0,0,voigt,voigt,0,3.63600772,0.14546430
1600.000000,3.605770,0.32954234,0.15877817,0,0,not_needed,0,0,bragg,auto_sparse,1370.000000,4.415080,0,0,0,voigt,voigt,0,3.60577011,0.14187513
1610.000000,3.575820,0.33238819,0.15756040,0,0,not_needed,0,0,bragg,auto_sparse,1370.000000,4.415080,0,0,0,voigt,voigt,0,3.57581956,0.14118438
1620.000000,3.546264,0.33530679,0.15637457,0,0,not_needed,0,0,bragg,auto_sparse,1370.000000,4.415080,0,0,0,voigt,voigt,0,3.54626408,0.14043794
1630.000000,3.517040,0.33861472,0.15032245,0,0,not_needed,0,0,bragg,auto_sparse,1420.000000,4.216778,0,0,0,voigt,voigt,0,3.51703985,0.13549600
1640.000000,3.488147,0.34232353,0.14942070,0,0,not_needed,0,0,bragg,auto_sparse,1420.000000,4.216778,0,0,0,voigt,voigt,0,3.48814701,0.13478427
1650.000000,3.459752,0.34585431,0.14851081,0,0,not_needed,0,0,bragg,auto_sparse,1420.000000,4.216778,0,0,0,voigt,voigt,0,3.45975235,0.13407642
1660.000000,3.431653,0.34981776,0.14753176,0,0,not_needed,0,0,bragg,auto_sparse,1420.000000,4.216778,0,0,0,voigt,voigt,0,3.43165260,0.13329516
1670.000000,3.403861,0.35280553,0.15004112,0,0,not_needed,0,0,bragg,auto_sparse,1470.000000,4.032017,0,0,0,voigt,voigt,0,3.40386110,0.13295388
1680.000000,3.376495,0.35548181,0.14957839,0,0,not_needed,0,0,bragg,auto_sparse,1470.000000,4.032017,0,0,0,voigt,voigt,0,3.37649490,0.13255740
1690.000000,3.349407,0.35826705,0.14986704,0,0,not_needed,0,0,bragg,auto_sparse,1510.000000,3.893053,0,0,0,voigt,voigt,0,3.34940740,0.13242610
1700.000000,3.322615,0.36107842,0.14944623,0,0,not_needed,0,0,bragg,auto_sparse,1510.000000,3.893053,0,0,0,voigt,voigt,0,3.32261544,0.13197739
1710.000000,3.296173,0.36375615,0.14898886,0,0,not_needed,0,0,bragg,auto_sparse,1510.000000,3.893053,0,0,0,voigt,voigt,0,3.29617344,0.13150284
1720.000000,3.269977,0.36634912,0.14844349,0,0,not_needed,0,0,bragg,auto_sparse,1510.000000,3.893053,0,0,0,voigt,voigt,0,3.26997722,0.13096914
1730.000000,3.244071,0.36868384,0.14362251,0,0,not_needed,0,0,bragg,auto_sparse,1520.000000,3.859418,0,0,0,voigt,voigt,0,3.24407142,0.12854603
1740.000000,3.218525,0.37090659,0.14309939,0,0,not_needed,0,0,bragg,auto_sparse,1520.000000,3.859418,0,0,0,voigt,voigt,0,3.21852544,0.12803138
1750.000000,3.193225,0.37355918,0.14256769,0,0,not_needed,0,0,bragg,auto_sparse,1520.000000,3.859418,0,0,0,voigt,voigt,0,3.19322505,0.12751013
1760.000000,3.168226,0.37658759,0.14205625,0,0,not_needed,0,0,bragg,auto_sparse,1520.000000,3.859418,0,0,0,voigt,voigt,0,3.16822639,0.12702378
1770.000000,3.143551,0.37965868,0.14157661,0,0,not_needed,0,0,bragg,auto_sparse,1520.000000,3.859418,0,0,0,voigt,voigt,0,3.14355113,0.12655882
1780.000000,3.119108,0.38268281,0.14108526,0,0,not_needed,0,0,bragg,auto_sparse,1520.000000,3.859418,0,0,0,voigt,voigt,0,3.11910789,0.12607948
1790.000000,3.094933,0.38554327,0.14060107,0,0,not_needed,0,0,bragg,auto_sparse,1520.000000,3.859418,0,0,0,voigt,voigt,0,3.09493340,0.12560444
1800.000000,3.071089,0.38821664,0.14015473,0,0,not_needed,0,0,bragg,auto_sparse,1520.000000,3.859418,0,0,0,voigt,voigt,0,3.07108918,0.12516135
1810.000000,3.047467,0.39099112,0.13846482,0,0,not_needed,0,0,bragg,auto_sparse,1560.000000,3.729299,0,0,0,voigt,voigt,0,3.04746660,0.12399436
1820.000000,3.024066,0.39381383,0.13798997,0,0,not_needed,0,0,bragg,auto_sparse,1560.000000,3.729299,0,0,0,voigt,voigt,0,3.02406559,0.12352750
1830.000000,3.001019,0.39634404,0.13757452,0,0,not_needed,0,0,bragg,auto_sparse,1560.000000,3.729299,0,0,0,voigt,voigt,0,3.00101859,0.12311272
1840.000000,2.978181,0.39896895,0.13714909,0,0,not_needed,0,0,bragg,auto_sparse,1560.000000,3.729299,0,0,0,voigt,voigt,0,2.97818102,0.12268795
1850.000000,2.955549,0.40166395,0.13671185,0,0,not_needed,0,0,bragg,auto_sparse,1560.000000,3.729299,0,0,0,voigt,voigt,0,2.95554860,0.12225126
1860.000000,2.933219,0.40405691,0.13840903,0,0,not_needed,0,0,bragg,auto_sparse,1580.000000,3.666769,0,0,0,voigt,voigt,0,2.93321850,0.12290678
1870.000000,2.911135,0.40618636,0.13766812,0,0,not_needed,0,0,bragg,auto_sparse,1580.000000,3.666769,0,0,0,voigt,voigt,0,2.91113550,0.12246950
1880.000000,2.889251,0.40830782,0.13421107,0,0,not_needed,0,0,bragg,auto_sparse,1610.000000,3.575820,0,0,0,voigt,voigt,0,2.88925121,0.12044696
1890.000000,2.867577,0.41064162,0.13380403,0,0,not_needed,0,0,bragg,auto_sparse,1610.000000,3.575820,0,0,0,voigt,voigt,0,2.86757748,0.12003741
1900.000000,2.846194,0.41312128,0.13611015,0,0,not_needed,0,0,bragg,auto_sparse,1660.000000,3.431653,0,0,0,voigt,voigt,0,2.84619394,0.12007841
1910.000000,2.825034,0.41587066,0.13067421,0,0,not_needed,0,0,bragg,auto_sparse,1700.000000,3.322615,0,0,0,voigt,voigt,0,2.82503385,0.11793931
1920.000000,2.804023,0.41874546,0.13413848,0,0,not_needed,0,0,bragg,auto_sparse,1760.000000,3.168226,0,0,0,voigt,voigt,0,2.80402341,0.11863263
1930.000000,2.783302,0.42135379,0.13144921,0,0,not_needed,0,0,bragg,auto_sparse,1780.000000,3.119108,0,0,0,voigt,voigt,0,2.78330221,0.11748547
1940.000000,2.762818,0.42377503,0.13111067,0,0,not_needed,0,0,bragg,auto_sparse,1780.000000,3.119108,0,0,0,voigt,voigt,0,2.76281772,0.11709519
1950.000000,2.742508,0.42625061,0.13076561,0,0,not_needed,0,0,bragg,auto_sparse,1780.000000,3.119108,0,0,0,voigt,voigt,0,2.74250786,0.11669923
1960.000000,2.722369,0.42882995,0.13041313,0,0,not_needed,0,0,bragg,auto_sparse,1780.000000,3.119108,0,0,0,voigt,voigt,0,2.72236917,0.11629704
1970.000000,2.702513,0.43121373,0.13010568,0,0,not_needed,0,0,bragg,auto_sparse,1780.000000,3.119108,0,0,0,voigt,voigt,0,2.70251317,0.11593151
1980.000000,2.682859,0.43355450,0.12980638,0,0,not_needed,0,0,bragg,auto_sparse,1780.000000,3.119108,0,0,0,voigt,voigt,0,2.68285902,0.11557354
1990.000000,2.663368,0.43594756,0.12949808,0,0,not_needed,0,0,bragg,auto_sparse,1780.000000,3.119108,0,0,0,voigt,voigt,0,2.66336838,0.11520877
2000.000000,2.644038,0.43842031,0.12918023,0,0,not_needed,0,0,bragg,auto_sparse,1780.000000,3.119108,0,0,0,voigt,voigt,0,2.64403804,0.11483749
2010.000000,2.624986,0.44069513,0.12890897,0,0,not_needed,0,0,bragg,auto_sparse,1780.000000,3.119108,0,0,0,voigt,voigt,0,2.62498632,0.11450526
2020.000000,2.606114,0.44294898,0.12863896,0,0,not_needed,0,0,bragg,auto_sparse,1780.000000,3.119108,0,0,0,voigt,voigt,0,2.60611394,0.11417649
2030.000000,2.587417,0.44518247,0.12603639,0,0,not_needed,0,0,bragg,auto_sparse,1790.000000,3.094933,0,0,0,voigt,voigt,0,2.58741652,0.11319108
2040.000000,2.568852,0.44745762,0.12572152,0,0,not_needed,0,0,bragg,auto_sparse,1790.000000,3.094933,0,0,0,voigt,voigt,0,2.56885233,0.11283174
2050.000000,2.550513,0.44962174,0.12751318,0,0,not_needed,0,0,bragg,auto_sparse,1820.000000,3.024066,0,0,0,voigt,voigt,0,2.55051279,0.11273681
2060.000000,2.532384,0.45180586,0.12726275,0,0,not_needed,0,0,bragg,auto_sparse,1820.000000,3.024066,0,0,0,voigt,voigt,0,2.53238447,0.11243468
2070.000000,2.514401,0.45414171,0.12700138,0,0,not_needed,0,0,bragg,auto_sparse,1820.000000,3.024066,0,0,0,voigt,voigt,0,2.51440128,0.11212533
2080.000000,2.496560,0.45659718,0.12672774,0,0,not_needed,0,0,bragg,auto_sparse,1820.000000,3.024066,0,0,0,voigt,voigt,0,2.49656016,0.11180928
2090.000000,2.478930,0.45894237,0.12647092,0,0,not_needed,0,0,bragg,auto_sparse,1820.000000,3.024066,0,0,0,voigt,voigt,0,2.47893005,0.11151031
2100.000000,2.461509,0.46113657,0.12616964,0,0,not_needed,0,0,bragg,auto_sparse,1820.000000,3.024066,0,0,0,voigt,voigt,0,2.46150926,0.11122815
2110.000000,2.444225,0.46335428,0.12573621,0,0,not_needed,0,0,bragg,auto_sparse,1820.000000,3.024066,0,0,0,voigt,voigt,0,2.44422483,0.11093670
2120.000000,2.427074,0.46562108,0.12528827,0,0,not_needed,0,0,bragg,auto_sparse,1820.000000,3.024066,0,0,0,voigt,voigt,0,2.42707433,0.11063534
2130.000000,2.410129,0.46785542,0.12151623,0,0,not_needed,0,0,bragg,auto_sparse,1840.000000,2.978181,0,0,0,voigt,voigt,0,2.41012880,0.10918392
2140.000000,2.393365,0.46993847,0.12145831,0,0,not_needed,0,0,bragg,auto_sparse,1930.000000,2.783302,0,0,0,voigt,voigt,0,2.39336466,0.10864505
2150.000000,2.376751,0.47204202,0.12122637,0,0,not_needed,0,0,bragg,auto_sparse,1930.000000,2.783302,0,0,0,voigt,voigt,0,2.37675138,0.10834055
2160.000000,2.360264,0.47419290,0.12099084,0,0,not_needed,0,0,bragg,auto_sparse,1930.000000,2.783302,0,0,0,voigt,voigt,0,2.36026422,0.10803471
2170.000000,2.343797,0.47653146,0.11895666,0,0,not_needed,0,0,bragg,auto_sparse,1970.000000,2.702513,0,0,0,voigt,voigt,0,2.34379749,0.10728774
2180.000000,2.327619,0.47866016,0.11837122,0,0,not_needed,0,0,bragg,auto_sparse,1970.000000,2.702513,0,0,0,voigt,voigt,0,2.32761918,0.10690248
2190.000000,2.311641,0.48066471,0.11781502,0,0,not_needed,0,0,bragg,auto_sparse,1970.000000,2.702513,0,0,0,voigt,voigt,0,2.31164110,0.10653448
2200.000000,2.295784,0.48272242,0.11727301,0,0,not_needed,0,0,bragg,auto_sparse,1970.000000,2.702513,0,0,0,voigt,voigt,0,2.29578402,0.10616351
2210.000000,2.280046,0.48483132,0.11674414,0,0,not_needed,0,0,bragg,auto_sparse,1970.000000,2.702513,0,0,0,voigt,voigt,0,2.28004615,0.10578760
2220.000000,2.264453,0.48695052,0.11952166,0,0,not_needed,0,0,bragg,auto_sparse,1990.000000,2.663368,0,0,0,voigt,voigt,0,2.26445307,0.10689863
2230.000000,2.249024,0.48895172,0.11898903,0,0,not_needed,0,0,bragg,auto_sparse,1990.000000,2.663368,0,0,0,voigt,voigt,0,2.24902407,0.10662775
2240.000000,2.233765,0.49084368,0.11843130,0,0,not_needed,0,0,bragg,auto_sparse,1990.000000,2.663368,0,0,0,voigt,voigt,0,2.23376479,0.10636265
2250.000000,2.218618,0.49277301,0.11783399,0,0,not_needed,0,0,bragg,auto_sparse,1990.000000,2.663368,0,0,0,voigt,voigt,0,2.21861800,0.10608223
2260.000000,2.203582,0.49477686,0.11719382,0,0,not_needed,0,0,bragg,auto_sparse,1990.000000,2.663368,0,0,0,voigt,voigt,0,2.20358165,0.10578650
2270.000000,2.188693,0.49683186,0.11802154,0,0,not_needed,0,0,bragg,auto_sparse,2020.000000,2.606114,0,0,0,voigt,voigt,0,2.18869250,0.10459543
2280.000000,2.173940,0.49887397,0.11784694,0,0,not_needed,0,0,bragg,auto_sparse,2020.000000,2.606114,0,0,0,voigt,voigt,0,2.17394021,0.10435757
2290.000000,2.159359,0.50084103,0.11729336,0,0,not_needed,0,0,bragg,auto_sparse,2030.000000,2.587417,0,0,0,voigt,voigt,0,2.15935877,0.10376397
2300.000000,2.144878,0.50285163,0.11712406,0,0,not_needed,0,0,bragg,auto_sparse,2030.000000,2.587417,0,0,0,voigt,voigt,0,2.14487784,0.10353787
2310.000000,2.130424,0.50498156,0.11336080,0,0,not_needed,0,0,bragg,auto_sparse,2070.000000,2.514401,0,0,0,voigt,voigt,0,2.13042400,0.10260842
2320.000000,2.116158,0.50701595,0.11283830,0,0,not_needed,0,0,bragg,auto_sparse,2070.000000,2.514401,0,0,0,voigt,voigt,0,2.11615783,0.10227042
2330.000000,2.102029,0.50900450,0.11233849,0,0,not_needed,0,0,bragg,auto_sparse,2070.000000,2.514401,0,0,0,voigt,voigt,0,2.10202897,0.10193875
2340.000000,2.088103,0.51079668,0.11187334,0,0,not_needed,0,0,bragg,auto_sparse,2070.000000,2.514401,0,0,0,voigt,voigt,0,2.08810279,0.10163064
2350.000000,2.074276,0.51262397,0.11142493,0,0,not_needed,0,0,bragg,auto_sparse,2070.000000,2.514401,0,0,0,voigt,voigt,0,2.07427624,0.10131892
2360.000000,2.060547,0.51447637,0.11099154,0,0,not_needed,0,0,bragg,auto_sparse,2070.000000,2.514401,0,0,0,voigt,voigt,0,2.06054746,0.10100285
2370.000000,2.046852,0.51644290,0.11147560,0,0,not_needed,0,0,bragg,auto_sparse,2080.000000,2.496560,0,0,0,voigt,voigt,0,2.04685232,0.10091098
2380.000000,2.033335,0.51833775,0.11270186,0,0,not_needed,0,0,bragg,auto_sparse,2090.000000,2.478930,0,0,0,voigt,voigt,0,2.03333519,0.10210473
2390.000000,2.020042,0.52000612,0.11329128,0,0,not_needed,0,0,bragg,auto_sparse,2130.000000,2.410129,0,0,0,voigt,voigt,0,2.02004181,0.10048781
2400.000000,2.006763,0.52178287,0.11164375,0,0,not_needed,0,0,bragg,auto_sparse,2190.000000,2.311641,0,0,0,voigt,voigt,0,2.00676263,0.10146316
2410.000000,1.993619,0.52351722,0.11105722,0,0,not_needed,0,0,bragg,auto_sparse,2190.000000,2.311641,0,0,0,voigt,voigt,0,1.99361909,0.10122612
2420.000000,1.980505,0.52535383,0.11041929,0,0,not_needed,0,0,bragg,auto_sparse,2190.000000,2.311641,0,0,0,voigt,voigt,0,1.98050493,0.09977304
2430.000000,1.967537,0.52713649,0.10986761,0,0,not_needed,0,0,bragg,auto_sparse,2190.000000,2.311641,0,0,0,voigt,voigt,0,1.96753708,0.09944414
2440.000000,1.954763,0.52878058,0.10924953,0,0,not_needed,0,0,bragg,auto_sparse,2240.000000,2.233765,0,0,0,voigt,voigt,0,1.95476298,0.09906578
2450.000000,1.942097,0.53020017,0.10906803,0,0,not_needed,0,0,bragg,auto_sparse,2240.000000,2.233765,0,0,0,voigt,voigt,0,1.94209654,0.09879411
2460.000000,1.929527,0.53133417,0.10889891,0,0,not_needed,0,0,bragg,auto_sparse,2240.000000,2.233765,0,0,0,voigt,voigt,0,1.92952667,0.09852938
2470.000000,1.917040,0.53208031,0.10872930,0,0,not_needed,0,0,bragg,auto_sparse,2240.000000,2.233765,0,0,0,voigt,voigt,0,1.91704031,0.09826695
2480.000000,1.904634,0.53246828,0.10855350,0,0,not_needed,0,0,bragg,auto_sparse,2240.000000,2.233765,0,0,0,voigt,voigt,0,1.90463431,0.09792255
2490.000000,1.892310,0.53274676,0.10838048,0,0,not_needed,0,0,bragg,auto_sparse,2240.000000,2.233765,0,0,0,voigt,voigt,0,1.89231028,0.09765914
2500.000000,1.880065,0.53337194,0.10820960,0,0,not_needed,0,0,bragg,auto_sparse,2240.000000,2.233765,0,0,0,voigt,voigt,0,1.88006512,0.09739620
2510.000000,1.867865,0.53470047,0.10735625,0,0,not_needed,0,0,bragg,auto_sparse,2310.000000,2.130424,0,0,0,voigt,voigt,0,1.86786521,0.09758847
2520.000000,1.855909,0.53667612,0.10690061,0,0,not_needed,0,0,bragg,auto_sparse,2310.000000,2.130424,0,0,0,voigt,voigt,0,1.85590915,0.09727969
2530.000000,1.844032,0.53935558,0.10646441,0,0,not_needed,0,0,bragg,auto_sparse,2310.000000,2.130424,0,0,0,voigt,voigt,0,1.84403210,0.09696710
2540.000000,1.832233,0.54229231,0.10604617,0,0,not_needed,0,0,bragg,auto_sparse,2310.000000,2.130424,0,0,0,voigt,voigt,0,1.83223279,0.09665132
2550.000000,1.820510,0.54503574,0.10564446,0,0,not_needed,0,0,bragg,auto_sparse,2310.000000,2.130424,0,0,0,voigt,voigt,0,1.82051003,0.09633208
2560.000000,1.808862,0.54739692,0.10525808,0,0,not_needed,0,0,bragg,auto_sparse,2310.000000,2.130424,0,0,0,voigt,voigt,0,1.80886245,0.09601142
2570.000000,1.797342,0.54932648,0.10490080,0,0,not_needed,0,0,bragg,auto_sparse,2310.000000,2.130424,0,0,0,voigt,voigt,0,1.79734168,0.09570212
2580.000000,1.785974,0.55094200,0.10458251,0,0,not_needed,0,0,bragg,auto_sparse,2310.000000,2.130424,0,0,0,voigt,voigt,0,1.78597416,0.09541518
2590.000000,1.774662,0.55261244,0.10692633,0,0,not_needed,0,0,bragg,auto_sparse,2380.000000,2.033335,0,0,0,voigt,voigt,0,1.77466176,0.09612657
2600.000000,1.763424,0.55435648,0.10654336,0,0,not_needed,0,0,bragg,auto_sparse,2380.000000,2.033335,0,0,0,voigt,voigt,0,1.76342394,0.09596106
2610.000000,1.752257,0.55613186,0.10612641,0,0,not_needed,0,0,bragg,auto_sparse,2380.000000,2.033335,0,0,0,voigt,voigt,0,1.75225742,0.09578128
2620.000000,1.741161,0.55788273,0.10567143,0,0,not_needed,0,0,bragg,auto_sparse,2380.000000,2.033335,0,0,0,voigt,voigt,0,1.74116125,0.09558599
2630.000000,1.730134,0.55960361,0.10517386,0,0,not_needed,0,0,bragg,auto_sparse,2380.000000,2.033335,0,0,0,voigt,voigt,0,1.73013441,0.09537444
2640.000000,1.719260,0.56113440,0.10463223,0,0,not_needed,0,0,bragg,auto_sparse,2380.000000,2.033335,0,0,0,voigt,voigt,0,1.71926024,0.09517382
2650.000000,1.708501,0.56258921,0.10403074,0,0,not_needed,0,0,bragg,auto_sparse,2380.000000,2.033335,0,0,0,voigt,voigt,0,1.70850062,0.09496994
2660.000000,1.697828,0.56405703,0.10237985,0,0,not_needed,0,0,bragg,auto_sparse,2410.000000,1.993619,0,0,0,voigt,voigt,0,1.69782807,0.09348743
2670.000000,1.687212,0.56557442,0.10208362,0,0,not_needed,0,0,bragg,auto_sparse,2410.000000,1.993619,0,0,0,voigt,voigt,0,1.68721240,0.09320659
2680.000000,1.676662,0.56710001,0.10180523,0,0,not_needed,0,0,bragg,auto_sparse,2410.000000,1.993619,0,0,0,voigt,voigt,0,1.67666165,0.09292474
2690.000000,1.666175,0.56859448,0.10154398,0,0,not_needed,0,0,bragg,auto_sparse,2410.000000,1.993619,0,0,0,voigt,voigt,0,1.66617458,0.09264224
2700.000000,1.655671,0.57015315,0.10356539,0,0,not_needed,0,0,bragg,auto_sparse,2420.000000,1.980505,0,0,0,voigt,voigt,0,1.65567114,0.09369404
2710.000000,1.645374,0.57139751,0.10119786,0,0,not_needed,0,0,bragg,auto_sparse,2460.000000,1.929527,0,0,0,voigt,voigt,0,1.64537371,0.09244322
2720.000000,1.635204,0.57249613,0.10089851,0,0,not_needed,0,0,bragg,auto_sparse,2460.000000,1.929527,0,0,0,voigt,voigt,0,1.63520436,0.09218084
2730.000000,1.625074,0.57365969,0.10171979,0,0,not_needed,0,0,bragg,auto_sparse,2480.000000,1.904634,0,0,0,voigt,voigt,0,1.62507387,0.09322100
2740.000000,1.615012,0.57474274,0.10246503,0,0,not_needed,0,0,bragg,auto_sparse,2490.000000,1.892310,0,0,0,voigt,voigt,0,1.61501159,0.09286659
2750.000000,1.605011,0.57542666,0.10200871,0,0,not_needed,0,0,bragg,auto_sparse,2490.000000,1.892310,0,0,0,voigt,voigt,0,1.60501135,0.09269633
2760.000000,1.595070,0.57520430,0.10039932,0,0,not_needed,0,0,bragg,auto_sparse,2550.000000,1.820510,0,0,0,voigt,voigt,0,1.59507000,0.09170874
2770.000000,1.585198,0.57362838,0.10008506,0,0,not_needed,0,0,bragg,auto_sparse,2550.000000,1.820510,0,0,0,voigt,voigt,0,1.58519848,0.09142103
2780.000000,1.575388,0.57069209,0.09979276,0,0,not_needed,0,0,bragg,auto_sparse,2550.000000,1.820510,0,0,0,voigt,voigt,0,1.57538795,0.09113303
2790.000000,1.565761,0.56669478,0.09956270,0,0,not_needed,0,0,bragg,auto_sparse,2550.000000,1.820510,0,0,0,voigt,voigt,0,1.56576130,0.09087950
2800.000000,1.556193,0.56308941,0.09935690,0,0,not_needed,0,0,bragg,auto_sparse,2550.000000,1.820510,0,0,0,voigt,voigt,0,1.55619261,0.09062411
2810.000000,1.546681,0.56124880,0.09917272,0,0,not_needed,0,0,bragg,auto_sparse,2550.000000,1.820510,0,0,0,voigt,voigt,0,1.54668074,0.09036958
2820.000000,1.537225,0.56206577,0.09899613,0,0,not_needed,0,0,bragg,auto_sparse,2550.000000,1.820510,0,0,0,voigt,voigt,0,1.53722482,0.09011602
2830.000000,1.527823,0.56558051,0.09880231,0,0,not_needed,0,0,bragg,auto_sparse,2550.000000,1.820510,0,0,0,voigt,voigt,0,1.52782321,0.08981297
2840.000000,1.518476,0.57104853,0.09861716,0,0,not_needed,0,0,bragg,auto_sparse,2550.000000,1.820510,0,0,0,voigt,voigt,0,1.51847615,0.08955385
2850.000000,1.509219,0.57711510,0.09859257,0,0,not_needed,0,0,bragg,auto_sparse,2590.000000,1.774662,0,0,0,voigt,voigt,0,1.50921896,0.08929502
2860.000000,1.499984,0.58255008,0.09846812,0,0,not_needed,0,0,bragg,auto_sparse,2590.000000,1.774662,0,0,0,voigt,voigt,0,1.49998429,0.08905717
2870.000000,1.490719,0.58669146,0.09741697,0,0,not_needed,0,0,bragg,auto_sparse,2590.000000,1.774662,0,0,0,voigt,voigt,0,1.49071939,0.08907092
2880.000000,1.481712,0.58931567,0.09699213,0,0,not_needed,0,0,bragg,auto_sparse,2590.000000,1.774662,0,0,0,voigt,voigt,0,1.48171230,0.08884840
2890.000000,1.472851,0.59104537,0.09761676,0,0,not_needed,0,0,bragg,auto_sparse,2670.000000,1.687212,0,0,0,voigt,voigt,0,1.47285054,0.08817559
2900.000000,1.463946,0.59264915,0.09745375,0,0,not_needed,0,0,bragg,auto_sparse,2670.000000,1.687212,0,0,0,voigt,voigt,0,1.46394588,0.08794218
2910.000000,1.455090,0.59430137,0.09730048,0,0,not_needed,0,0,bragg,auto_sparse,2670.000000,1.687212,0,0,0,voigt,voigt,0,1.45509041,0.08771352
2920.000000,1.446283,0.59606540,0.09715506,0,0,not_needed,0,0,bragg,auto_sparse,2670.000000,1.687212,0,0,0,voigt,voigt,0,1.44628289,0.08749031
2930.000000,1.437522,0.59783118,0.09701691,0,0,not_needed,0,0,bragg,auto_sparse,2670.000000,1.687212,0,0,0,voigt,voigt,0,1.43752211,0.08727352
2940.000000,1.428807,0.59948250,0.09688674,0,0,not_needed,0,0,bragg,auto_sparse,2670.000000,1.687212,0,0,0,voigt,voigt,0,1.42880698,0.08706431
2950.000000,1.420134,0.60095267,0.09602341,0,0,not_needed,0,0,bragg,auto_sparse,2730.000000,1.625074,0,0,0,voigt,voigt,0,1.42013429,0.08745728
2960.000000,1.411627,0.60216188,0.09588843,0,0,not_needed,0,0,bragg,auto_sparse,2770.000000,1.585198,0,0,0,voigt,voigt,0,1.41162710,0.08701596
2970.000000,1.403191,0.60337137,0.09568542,0,0,not_needed,0,0,bragg,auto_sparse,2770.000000,1.585198,0,0,0,voigt,voigt,0,1.40319055,0.08676787
2980.000000,1.394801,0.60464697,0.09550190,0,0,not_needed,0,0,bragg,auto_sparse,2770.000000,1.585198,0,0,0,voigt,voigt,0,1.39480090,0.08652364
2990.000000,1.386457,0.60595319,0.09533523,0,0,not_needed,0,0,bragg,auto_sparse,2770.000000,1.585198,0,0,0,voigt,voigt,0,1.38645727,0.08628427
3000.000000,1.378159,0.60721923,0.09518195,0,0,not_needed,0,0,bragg,auto_sparse,2770.000000,1.585198,0,0,0,voigt,voigt,0,1.37815874,0.08605050
3010.000000,1.369904,0.60839588,0.09503912,0,0,not_needed,0,0,bragg,auto_sparse,2770.000000,1.585198,0,0,0,voigt,voigt,0,1.36990425,0.08582321
3020.000000,1.361693,0.60950285,0.09490527,0,0,not_needed,0,0,bragg,auto_sparse,2770.000000,1.585198,0,0,0,voigt,voigt,0,1.36169253,0.08560370
3030.000000,1.353522,0.61062255,0.09478079,0,0,not_needed,0,0,bragg,auto_sparse,2770.000000,1.585198,0,0,0,voigt,voigt,0,1.35352223,0.08539355
3040.000000,1.345326,0.61187871,0.09572099,0,0,not_needed,0,0,bragg,auto_sparse,2810.000000,1.546681,0,0,0,voigt,voigt,0,1.34532580,0.08677490
3050.000000,1.337351,0.61293763,0.09542444,0,0,not_needed,0,0,bragg,auto_sparse,2810.000000,1.546681,0,0,0,voigt,voigt,0,1.33735069,0.08668471
3060.000000,1.329432,0.61400379,0.09514388,0,0,not_needed,0,0,bragg,auto_sparse,2890.000000,1.472851,0,0,0,voigt,voigt,0,1.32943181,0.08664046
3070.000000,1.321546,0.61498992,0.09476974,0,0,not_needed,0,0,bragg,auto_sparse,2890.000000,1.472851,0,0,0,voigt,voigt,0,1.32154594,0.08651142
3080.000000,1.313705,0.61577401,0.09432234,0,0,not_needed,0,0,bragg,auto_sparse,2890.000000,1.472851,0,0,0,voigt,voigt,0,1.31370465,0.08635353
3090.000000,1.305908,0.61634572,0.09378606,0,0,not_needed,0,0,bragg,auto_sparse,2890.000000,1.472851,0,0,0,voigt,voigt,0,1.30590769,0.08616586
3100.000000,1.298121,0.61686838,0.09322592,0,0,not_needed,0,0,bragg,auto_sparse,2890.000000,1.472851,0,0,0,voigt,voigt,0,1.29812117,0.08508568
3110.000000,1.290415,0.61740017,0.09275268,0,0,not_needed,0,0,bragg,auto_sparse,2890.000000,1.472851,0,0,0,voigt,voigt,0,1.29041494,0.08487252
3120.000000,1.282753,0.61805437,0.09231728,0,0,not_needed,0,0,bragg,auto_sparse,2890.000000,1.472851,0,0,0,voigt,voigt,0,1.28275268,0.08464704
3130.000000,1.275170,0.61849865,0.09192248,0,0,not_needed,0,0,bragg,auto_sparse,2890.000000,1.472851,0,0,0,voigt,voigt,0,1.27516987,0.08442219
3140.000000,1.267722,0.61796668,0.09158250,0,0,not_needed,0,0,bragg,auto_sparse,2890.000000,1.472851,0,0,0,voigt,voigt,0,1.26772159,0.08421190
3150.000000,1.260316,0.61579519,0.09128637,0,0,not_needed,0,0,bragg,auto_sparse,2890.000000,1.472851,0,0,0,voigt,voigt,0,1.26031622,0.08399385
3160.000000,1.253082,0.61105405,0.09185353,0,0,not_needed,0,0,bragg,auto_sparse,3010.000000,1.369904,0,0,0,voigt,voigt,0,1.25308201,0.08297899
3170.000000,1.245741,0.60403609,0.09178769,0,0,not_needed,0,0,bragg,auto_sparse,3010.000000,1.369904,0,0,0,voigt,voigt,0,1.24574128,0.08283642
3180.000000,1.238436,0.59524252,0.09173243,0,0,not_needed,0,0,bragg,auto_sparse,3010.000000,1.369904,0,0,0,voigt,voigt,0,1.23843571,0.08270782
3190.000000,1.231165,0.58639484,0.09168339,0,0,not_needed,0,0,bragg,auto_sparse,3010.000000,1.369904,0,0,0,voigt,voigt,0,1.23116461,0.08259213
3200.000000,1.223927,0.57981667,0.09163897,0,0,not_needed,0,0,bragg,auto_sparse,3010.000000,1.369904,0,0,0,voigt,voigt,0,1.22392704,0.08248972
3210.000000,1.216722,0.57743315,0.09160038,0,0,not_needed,0,0,bragg,auto_sparse,3010.000000,1.369904,0,0,0,voigt,voigt,0,1.21672232,0.08239907
3220.000000,1.209550,0.57992057,0.09157016,0,0,not_needed,0,0,bragg,auto_sparse,3010.000000,1.369904,0,0,0,voigt,voigt,0,1.20954969,0.08232174
3230.000000,1.202434,0.58664229,0.09146902,0,0,not_needed,0,0,bragg,auto_sparse,3010.000000,1.369904,0,0,0,voigt,voigt,0,1.20243434,0.08226358
3240.000000,1.195452,0.59595158,0.09138269,0,0,not_needed,0,0,bragg,auto_sparse,3010.000000,1.369904,0,0,0,voigt,voigt,0,1.19545195,0.08225208
3250.000000,1.188504,0.60603552,0.09129201,0,0,not_needed,0,0,bragg,auto_sparse,3010.000000,1.369904,0,0,0,voigt,voigt,0,1.18850363,0.08224359
3260.000000,1.181590,0.61494329,0.09119256,0,0,not_needed,0,0,bragg,auto_sparse,3010.000000,1.369904,0,0,0,voigt,voigt,0,1.18158985,0.08223274
3270.000000,1.174711,0.62158546,0.09108010,0,0,not_needed,0,0,bragg,auto_sparse,3010.000000,1.369904,0,0,0,voigt,voigt,0,1.17471078,0.08221536
3280.000000,1.167866,0.62594654,0.09095037,0,0,not_needed,0,0,bragg,auto_sparse,3010.000000,1.369904,0,0,0,voigt,voigt,0,1.16786640,0.08218843
3290.000000,1.161133,0.62856881,0.09066654,0,0,not_needed,0,0,bragg,auto_sparse,3020.000000,1.361693,0,0,0,voigt,voigt,0,1.16113305,0.08168804
3300.000000,1.154380,0.63044012,0.08870763,0,0,not_needed,0,0,bragg,auto_sparse,3100.000000,1.298121,0,0,0,voigt,voigt,0,1.15437985,0.08160350
3310.000000,1.147693,0.63204912,0.08848540,0,0,not_needed,0,0,bragg,auto_sparse,3100.000000,1.298121,0,0,0,voigt,voigt,0,1.14769326,0.08132033
3320.000000,1.141039,0.63374615,0.08828164,0,0,not_needed,0,0,bragg,auto_sparse,3100.000000,1.298121,0,0,0,voigt,voigt,0,1.14103900,0.08103476
3330.000000,1.134415,0.63555157,0.08810103,0,0,not_needed,0,0,bragg,auto_sparse,3100.000000,1.298121,0,0,0,voigt,voigt,0,1.13441545,0.08075039
3340.000000,1.127879,0.63720310,0.08796242,0,0,not_needed,0,0,bragg,auto_sparse,3100.000000,1.298121,0,0,0,voigt,voigt,0,1.12787864,0.08047974
3350.000000,1.121443,0.63852429,0.08787213,0,0,not_needed,0,0,bragg,auto_sparse,3100.000000,1.298121,0,0,0,voigt,voigt,0,1.12144274,0.08023123
3360.000000,1.115036,0.63962668,0.08780784,0,0,not_needed,0,0,bragg,auto_sparse,3100.000000,1.298121,0,0,0,voigt,voigt,0,1.11503571,0.07999845
3370.000000,1.108657,0.64056580,0.08776159,0,0,not_needed,0,0,bragg,auto_sparse,3100.000000,1.298121,0,0,0,voigt,voigt,0,1.10865654,0.07978446
3380.000000,1.102304,0.64143374,0.08772606,0,0,not_needed,0,0,bragg,auto_sparse,3100.000000,1.298121,0,0,0,voigt,voigt,0,1.10230381,0.07959116
3390.000000,1.095962,0.64232738,0.08734231,0,0,not_needed,0,0,bragg,auto_sparse,3170.000000,1.245741,0,0,0,voigt,voigt,0,1.09596199,0.07933885
3400.000000,1.089669,0.64322883,0.08728749,0,0,not_needed,0,0,bragg,auto_sparse,3170.000000,1.245741,0,0,0,voigt,voigt,0,1.08966949,0.07917269
3410.000000,1.083404,0.64418594,0.08677713,0,0,not_needed,0,0,bragg,auto_sparse,3200.000000,1.223927,0,0,0,voigt,voigt,0,1.08340361,0.07915262
3420.000000,1.077180,0.64516221,0.08669602,0,0,not_needed,0,0,bragg,auto_sparse,3200.000000,1.223927,0,0,0,voigt,voigt,0,1.07718044,0.07893216
3430.000000,1.070980,0.64615912,0.08664315,0,0,not_needed,0,0,bragg,auto_sparse,3200.000000,1.223927,0,0,0,voigt,voigt,0,1.07098014,0.07873480
3440.000000,1.064803,0.64714390,0.08661588,0,0,not_needed,0,0,bragg,auto_sparse,3200.000000,1.223927,0,0,0,voigt,voigt,0,1.06480277,0.07856042
3450.000000,1.058649,0.64809457,0.08660625,0,0,not_needed,0,0,bragg,auto_sparse,3200.000000,1.223927,0,0,0,voigt,voigt,0,1.05864853,0.07840714
3460.000000,1.052654,0.64871424,0.08647328,0,0,not_needed,0,0,bragg,auto_sparse,3210.000000,1.216722,0,0,0,voigt,voigt,0,1.05265415,0.07827211
3470.000000,1.046675,0.64930383,0.08650444,0,0,not_needed,0,0,bragg,auto_sparse,3210.000000,1.216722,0,0,0,voigt,voigt,0,1.04667542,0.07817039
3480.000000,1.040719,0.64987918,0.08653657,0,0,not_needed,0,0,bragg,auto_sparse,3210.000000,1.216722,0,0,0,voigt,voigt,0,1.04071866,0.07808979
3490.000000,1.034917,0.65026763,0.08524521,0,0,not_needed,0,0,bragg,auto_sparse,3250.000000,1.188504,0,0,0,voigt,voigt,0,1.03491701,0.07805626
3500.000000,1.029058,0.65082293,0.08520980,0,0,not_needed,0,0,bragg,auto_sparse,3250.000000,1.188504,0,0,0,voigt,voigt,0,1.02905810,0.07780260
3510.000000,1.023217,0.65142275,0.08519499,0,0,not_needed,0,0,bragg,auto_sparse,3250.000000,1.188504,0,0,0,voigt,voigt,0,1.02321745,0.07757688
3520.000000,1.017395,0.65202969,0.08520661,0,0,not_needed,0,0,bragg,auto_sparse,3250.000000,1.188504,0,0,0,voigt,voigt,0,1.01739459,0.07738355
3530.000000,1.011291,0.65308854,0.08387072,0,0,not_needed,0,0,bragg,auto_sparse,3290.000000,1.161133,0,0,0,voigt,voigt,0,1.01129112,0.07863761
3540.000000,1.005571,0.65354748,0.08332216,0,0,not_needed,0,0,bragg,auto_sparse,3290.000000,1.161133,0,0,0,voigt,voigt,0,1.00557095,0.07844491
3550.000000,0.999884,0.65402425,0.08286188,0,0,not_needed,0,0,bragg,auto_sparse,3290.000000,1.161133,0,0,0,voigt,voigt,0,0.99988430,0.07821694
3560.000000,0.994229,0.65456655,0.08336668,0,0,not_needed,0,0,bragg,auto_sparse,3330.000000,1.134415,0,0,0,voigt,voigt,0,0.99422851,0.07772984
3570.000000,0.988597,0.65514467,0.08321097,0,0,not_needed,0,0,bragg,auto_sparse,3330.000000,1.134415,0,0,0,voigt,voigt,0,0.98859749,0.07767361
3580.000000,0.983074,0.65546512,0.08304741,0,0,not_needed,0,0,bragg,auto_sparse,3330.000000,1.134415,0,0,0,voigt,voigt,0,0.98307375,0.07733905
3590.000000,0.977623,0.65547759,0.08290905,0,0,not_needed,0,0,bragg,auto_sparse,3330.000000,1.134415,0,0,0,voigt,voigt,0,0.97762324,0.07699042
3600.000000,0.972082,0.65544185,0.08240467,0,0,not_needed,0,0,bragg,auto_sparse,3340.000000,1.127879,0,0,0,voigt,voigt,0,0.97208242,0.07705490
3610.000000,0.966692,0.65506347,0.08231324,0,0,not_needed,0,0,bragg,auto_sparse,3340.000000,1.127879,0,0,0,voigt,voigt,0,0.96669248,0.07695616
3620.000000,0.961324,0.65472037,0.08219930,0,0,not_needed,0,0,bragg,auto_sparse,3340.000000,1.127879,0,0,0,voigt,voigt,0,0.96132398,0.07658429
3630.000000,0.955793,0.65486117,0.08147077,0,0,not_needed,0,0,bragg,auto_sparse,3370.000000,1.108657,0,0,0,voigt,voigt,0,0.95579254,0.07693263
3640.000000,0.950255,0.65518374,0.08388987,0,0,not_needed,0,0,bragg,auto_sparse,3400.000000,1.089669,0,0,0,voigt,voigt,0,0.95025507,0.07647383
3650.000000,0.944886,0.65508186,0.08369362,0,0,not_needed,0,0,bragg,auto_sparse,3400.000000,1.089669,0,0,0,voigt,voigt,0,0.94488580,0.07637201
3660.000000,0.939992,0.65344668,0.08195295,0,0,not_needed,0,0,bragg,auto_sparse,3420.000000,1.077180,0,0,0,voigt,voigt,0,0.93999168,0.07524843
3670.000000,0.934710,0.65089480,0.08191548,0,0,not_needed,0,0,bragg,auto_sparse,3420.000000,1.077180,0,0,0,voigt,voigt,0,0.93471021,0.07497087
3680.000000,0.929419,0.64606798,0.08114544,0,0,not_needed,0,0,bragg,auto_sparse,3460.000000,1.052654,0,0,0,voigt,voigt,0,0.92941853,0.07551695
3690.000000,0.924220,0.63845409,0.08103775,0,0,not_needed,0,0,bragg,auto_sparse,3460.000000,1.052654,0,0,0,voigt,voigt,0,0.92421989,0.07511772
3700.000000,0.919033,0.62850389,0.08096019,0,0,not_needed,0,0,bragg,auto_sparse,3460.000000,1.052654,0,0,0,voigt,voigt,0,0.91903294,0.07473483
3710.000000,0.913905,0.61730579,0.08093785,0,0,not_needed,0,0,bragg,auto_sparse,3460.000000,1.052654,0,0,0,voigt,voigt,0,0.91390518,0.07439058
3720.000000,0.908862,0.60680998,0.08098137,0,0,not_needed,0,0,bragg,auto_sparse,3460.000000,1.052654,0,0,0,voigt,voigt,0,0.90886153,0.07410299
3730.000000,0.903827,0.59944505,0.08105725,0,0,not_needed,0,0,bragg,auto_sparse,3460.000000,1.052654,0,0,0,voigt,voigt,0,0.90382724,0.07386651
3740.000000,0.898803,0.59681612,0.08114998,0,0,not_needed,0,0,bragg,auto_sparse,3460.000000,1.052654,0,0,0,voigt,voigt,0,0.89880342,0.07367407
3750.000000,0.893790,0.59928542,0.08124669,0,0,not_needed,0,0,bragg,auto_sparse,3460.000000,1.052654,0,0,0,voigt,voigt,0,0.89379034,0.07351749
3760.000000,0.888688,0.60625346,0.08169159,0,0,not_needed,0,0,bragg,auto_sparse,3480.000000,1.040719,0,0,0,voigt,voigt,0,0.88868838,0.07354151
3770.000000,0.883694,0.61609811,0.08169911,0,0,not_needed,0,0,bragg,auto_sparse,3480.000000,1.040719,0,0,0,voigt,voigt,0,0.88369405,0.07348827
3780.000000,0.878857,0.62703546,0.08111026,0,0,not_needed,0,0,bragg,auto_sparse,3490.000000,1.034917,0,0,0,voigt,voigt,0,0.87885657,0.07328845
3790.000000,0.873911,0.63770470,0.08109243,0,0,not_needed,0,0,bragg,auto_sparse,3490.000000,1.034917,0,0,0,voigt,voigt,0,0.87391130,0.07327403
3800.000000,0.869014,0.64654569,0.07921667,0,0,not_needed,0,0,bragg,auto_sparse,3570.000000,0.988597,0,0,0,voigt,voigt,0,0.86901434,0.07358891
3810.000000,0.864278,0.65279414,0.08028954,0,0,not_needed,0,0,bragg,auto_sparse,3570.000000,0.988597,0,0,0,voigt,voigt,0,0.86427847,0.07315678
3820.000000,0.859421,0.65701413,0.08023699,0,0,not_needed,0,0,bragg,auto_sparse,3570.000000,0.988597,0,0,0,voigt,voigt,0,0.85942088,0.07312189
3830.000000,0.854594,0.65956473,0.08013217,0,0,not_needed,0,0,bragg,auto_sparse,3570.000000,0.988597,0,0,0,voigt,voigt,0,0.85459360,0.07304071
3840.000000,0.850285,0.66048480,0.07737864,0,0,not_needed,0,0,bragg,auto_sparse,3650.000000,0.944886,0,0,0,voigt,voigt,0,0.85028484,0.07320498
3850.000000,0.845628,0.66154445,0.07743168,0,0,not_needed,0,0,bragg,auto_sparse,3650.000000,0.944886,0,0,0,voigt,voigt,0,0.84562778,0.07264127
3860.000000,0.840583,0.66304769,0.07937908,0,0,not_needed,0,0,bragg,auto_sparse,3670.000000,0.934710,0,0,0,voigt,voigt,0,0.84058281,0.07244883
3870.000000,0.835966,0.66408979,0.07930847,0,0,not_needed,0,0,bragg,auto_sparse,3670.000000,0.934710,0,0,0,voigt,voigt,0,0.83596620,0.07243698
3880.000000,0.831391,0.66517438,0.07912907,0,0,not_needed,0,0,bragg,auto_sparse,3670.000000,0.934710,0,0,0,voigt,voigt,0,0.83139140,0.07237927
3890.000000,0.827071,0.66589109,0.07703721,0,0,not_needed,0,0,bragg,auto_sparse,3700.000000,0.919033,0,0,0,voigt,voigt,0,0.82707075,0.07416799
3900.000000,0.822643,0.66666637,0.07643064,0,0,not_needed,0,0,bragg,auto_sparse,3700.000000,0.919033,0,0,0,voigt,voigt,0,0.82264299,0.07385130
3910.000000,0.818244,0.66725420,0.07600301,0,0,not_needed,0,0,bragg,auto_sparse,3700.000000,0.919033,0,0,0,voigt,voigt,0,0.81824416,0.07339964
3920.000000,0.813868,0.66765796,0.07575078,0,0,not_needed,0,0,bragg,auto_sparse,3700.000000,0.919033,0,0,0,voigt,voigt,0,0.81386801,0.07285034
3930.000000,0.809512,0.66790853,0.07565789,0,0,not_needed,0,0,bragg,auto_sparse,3700.000000,0.919033,0,0,0,voigt,voigt,0,0.80951222,0.07222505
3940.000000,0.805174,0.66805502,0.07565226,0,0,not_needed,0,0,bragg,auto_sparse,3700.000000,0.919033,0,0,0,voigt,voigt,0,0.80517441,0.07140368
3950.000000,0.800831,0.66818626,0.07552534,0,0,not_needed,0,0,bragg,auto_sparse,3710.000000,0.913905,0,0,0,voigt,voigt,0,0.80083122,0.07098633
3960.000000,0.796517,0.66831323,0.07553189,0,0,not_needed,0,0,bragg,auto_sparse,3710.000000,0.913905,0,0,0,voigt,voigt,0,0.79651660,0.07038498
3970.000000,0.792193,0.66854702,0.07556776,0,0,not_needed,0,0,bragg,auto_sparse,3710.000000,0.913905,0,0,0,voigt,voigt,0,0.79219315,0.06982772
3980.000000,0.787854,0.66893473,0.07564256,0,0,not_needed,0,0,bragg,auto_sparse,3710.000000,0.913905,0,0,0,voigt,voigt,0,0.78785439,0.06935530
3990.000000,0.783502,0.66946948,0.07575808,0,0,not_needed,0,0,bragg,auto_sparse,3710.000000,0.913905,0,0,0,voigt,voigt,0,0.78350243,0.06898063
4000.000000,0.779059,0.67022391,0.07620344,0,0,not_needed,0,0,bragg,auto_sparse,3720.000000,0.908862,0,0,0,voigt,voigt,0,0.77905872,0.06872090
4010.000000,0.774783,0.67063603,0.07640527,0,0,not_needed,0,0,bragg,auto_sparse,3720.000000,0.908862,0,0,0,voigt,voigt,0,0.77478271,0.06860535
4020.000000,0.770550,0.67085994,0.07660633,0,0,not_needed,0,0,bragg,auto_sparse,3720.000000,0.908862,0,0,0,voigt,voigt,0,0.77055035,0.06857441
4030.000000,0.767007,0.66994807,0.07308351,0,0,not_needed,0,0,bragg,auto_sparse,3760.000000,0.888688,0,0,0,voigt,voigt,0,0.76700663,0.06864488
4040.000000,0.762957,0.66971825,0.07339609,0,0,not_needed,0,0,bragg,auto_sparse,3760.000000,0.888688,0,0,0,voigt,voigt,0,0.76295666,0.06792856
4050.000000,0.757931,0.67085654,0.07601795,0,0,not_needed,0,0,bragg,auto_sparse,3780.000000,0.878857,0,0,0,voigt,voigt,0,0.75793061,0.06918161
4060.000000,0.753936,0.67064052,0.07504300,0,0,not_needed,0,0,bragg,auto_sparse,3780.000000,0.878857,0,0,0,voigt,voigt,0,0.75393628,0.06899127
4070.000000,0.750019,0.67046238,0.07335860,0,0,not_needed,0,0,bragg,auto_sparse,3780.000000,0.878857,0,0,0,voigt,voigt,0,0.75001865,0.06865380
4080.000000,0.746538,0.66974002,0.07397627,0,0,not_needed,0,0,bragg,auto_sparse,3840.000000,0.850285,0,0,0,voigt,voigt,0,0.74653850,0.06722464
4090.000000,0.742456,0.67007274,0.07415159,0,0,not_needed,0,0,bragg,auto_sparse,3840.000000,0.850285,0,0,0,voigt,voigt,0,0.74245622,0.06707286
4100.000000,0.738911,0.66956065,0.07184351,0,0,not_needed,0,0,bragg,auto_sparse,3880.000000,0.831391,0,0,0,voigt,voigt,0,0.73891137,0.06739285
4110.000000,0.734988,0.66962495,0.07217898,0,0,not_needed,0,0,bragg,auto_sparse,3880.000000,0.831391,0,0,0,voigt,voigt,0,0.73498795,0.06651782
4120.000000,0.731051,0.66958068,0.07254162,0,0,not_needed,0,0,bragg,auto_sparse,3880.000000,0.831391,0,0,0,voigt,voigt,0,0.73105065,0.06601958
4130.000000,0.727092,0.66942481,0.07290173,0,0,not_needed,0,0,bragg,auto_sparse,3880.000000,0.831391,0,0,0,voigt,voigt,0,0.72709186,0.06570101
4140.000000,0.723107,0.66923090,0.07326598,0,0,not_needed,0,0,bragg,auto_sparse,3880.000000,0.831391,0,0,0,voigt,voigt,0,0.72310671,0.06557334
4150.000000,0.719117,0.66908580,0.07295584,0,0,not_needed,0,0,bragg,auto_sparse,3890.000000,0.827071,0,0,0,voigt,voigt,0,0.71911698,0.06558895
4160.000000,0.715409,0.66865381,0.07032387,0,0,not_needed,0,0,bragg,auto_sparse,3940.000000,0.805174,0,0,0,voigt,voigt,0,0.71540864,0.06822116
4170.000000,0.711691,0.66836298,0.07032236,0,0,not_needed,0,0,bragg,auto_sparse,3940.000000,0.805174,0,0,0,voigt,voigt,0,0.71169137,0.06702743
4180.000000,0.708067,0.66795467,0.07049988,0,0,not_needed,0,0,bragg,auto_sparse,3940.000000,0.805174,0,0,0,voigt,voigt,0,0.70806716,0.06579929
4190.000000,0.704413,0.66762675,0.07069804,0,0,not_needed,0,0,bragg,auto_sparse,3940.000000,0.805174,0,0,0,voigt,voigt,0,0.70441285,0.06505728
4200.000000,0.700735,0.66729360,0.07092288,0,0,not_needed,0,0,bragg,auto_sparse,3940.000000,0.805174,0,0,0,voigt,voigt,0,0.70073547,0.06448067
4210.000000,0.697021,0.66692269,0.07030955,0,0,not_needed,0,0,bragg,auto_sparse,4030.000000,0.767007,0,0,0,voigt,voigt,0,0.69702128,0.06465773
4220.000000,0.693369,0.66635630,0.07039729,0,0,not_needed,0,0,bragg,auto_sparse,4030.000000,0.767007,0,0,0,voigt,voigt,0,0.69336876,0.06419253
4230.000000,0.689684,0.66578162,0.07056372,0,0,not_needed,0,0,bragg,auto_sparse,4030.000000,0.767007,0,0,0,voigt,voigt,0,0.68968413,0.06398203
4240.000000,0.685977,0.66526745,0.07079754,0,0,not_needed,0,0,bragg,auto_sparse,4030.000000,0.767007,0,0,0,voigt,voigt,0,0.68597678,0.06398656
4250.000000,0.682276,0.66487643,0.07097037,0,0,not_needed,0,0,bragg,auto_sparse,4030.000000,0.767007,0,0,0,voigt,voigt,0,0.68227616,0.06414562
4260.000000,0.678618,0.66462419,0.07104850,0,0,not_needed,0,0,bragg,auto_sparse,4030.000000,0.767007,0,0,0,voigt,voigt,0,0.67861801,0.06440982
4270.000000,0.675023,0.66446129,0.07100708,0,0,not_needed,0,0,bragg,auto_sparse,4030.000000,0.767007,0,0,0,voigt,voigt,0,0.67502256,0.06474572
4280.000000,0.672164,0.66322654,0.06715992,0,0,not_needed,0,0,bragg,auto_sparse,4040.000000,0.762957,0,0,0,voigt,voigt,0,0.67216351,0.06610637
4290.000000,0.668792,0.66276456,0.06708374,0,0,not_needed,0,0,bragg,auto_sparse,4040.000000,0.762957,0,0,0,voigt,voigt,0,0.66879234,0.06483437
4300.000000,0.665536,0.66195609,0.06700866,0,0,not_needed,0,0,bragg,auto_sparse,4050.000000,0.757931,0,0,0,voigt,voigt,0,0.66553573,0.06267981
4310.000000,0.662064,0.66120214,0.06747758,0,0,not_needed,0,0,bragg,auto_sparse,4050.000000,0.757931,0,0,0,voigt,voigt,0,0.66206360,0.06255240
4320.000000,0.658537,0.66018620,0.06811368,0,0,not_needed,0,0,bragg,auto_sparse,4050.000000,0.757931,0,0,0,voigt,voigt,0,0.65853705,0.06267772
4330.000000,0.654934,0.65902326,0.06928341,0,0,not_needed,0,0,bragg,auto_sparse,4060.000000,0.753936,0,0,0,voigt,voigt,0,0.65493427,0.06225910
4340.000000,0.651480,0.65763334,0.06508812,0,0,not_needed,0,0,bragg,auto_sparse,4080.000000,0.746538,0,0,0,voigt,voigt,0,0.65147985,0.06310489
4350.000000,0.648282,0.65606140,0.06472273,0,0,not_needed,0,0,bragg,auto_sparse,4080.000000,0.746538,0,0,0,voigt,voigt,0,0.64828222,0.06157526
4360.000000,0.645159,0.65454360,0.06477114,0,0,not_needed,0,0,bragg,auto_sparse,4080.000000,0.746538,0,0,0,voigt,voigt,0,0.64515881,0.06068567
4370.000000,0.641307,0.65437684,0.06972996,0,0,not_needed,0,0,bragg,auto_sparse,4080.000000,0.746538,0,0,0,voigt,voigt,0,0.64130680,0.06231003
4380.000000,0.637696,0.65371811,0.06887439,0,0,not_needed,0,0,bragg,auto_sparse,4090.000000,0.742456,0,0,0,voigt,voigt,0,0.63769566,0.06304648
4390.000000,0.634559,0.65187196,0.06784588,0,0,not_needed,0,0,bragg,auto_sparse,4090.000000,0.742456,0,0,0,voigt,voigt,0,0.63455939,0.06260048
4400.000000,0.631391,0.64915257,0.06956678,0,0,not_needed,0,0,bragg,auto_sparse,4140.000000,0.723107,0,0,0,voigt,voigt,0,0.63139122,0.06327143
4410.000000,0.628700,0.64476967,0.06812124,0,0,not_needed,0,0,bragg,auto_sparse,4160.000000,0.715409,0,0,0,voigt,voigt,0,0.62870008,0.06183146
4420.000000,0.625402,0.63960701,0.06837399,0,0,not_needed,0,0,bragg,auto_sparse,4160.000000,0.715409,0,0,0,voigt,voigt,0,0.62540180,0.06257833
4430.000000,0.622807,0.63255200,0.06573268,0,0,not_needed,0,0,bragg,auto_sparse,4200.000000,0.700735,0,0,0,voigt,voigt,0,0.62280691,0.06160551
4440.000000,0.619704,0.62484963,0.06631306,0,0,not_needed,0,0,bragg,auto_sparse,4200.000000,0.700735,0,0,0,voigt,voigt,0,0.61970440,0.06052350
4450.000000,0.616595,0.61672179,0.06656693,0,0,not_needed,0,0,bragg,auto_sparse,4200.000000,0.700735,0,0,0,voigt,voigt,0,0.61659469,0.06040473
4460.000000,0.613498,0.60910698,0.06639437,0,0,not_needed,0,0,bragg,auto_sparse,4200.000000,0.700735,0,0,0,voigt,voigt,0,0.61349820,0.06016167
4470.000000,0.610842,0.60267573,0.05987948,0,0,not_needed,0,0,bragg,auto_sparse,4220.000000,0.693369,0,0,0,voigt,voigt,0,0.61084225,0.05602707
4480.000000,0.607645,0.59919268,0.06461449,0,0,not_needed,0,0,bragg,auto_sparse,4240.000000,0.685977,0,0,0,voigt,voigt,0,0.60764520,0.05844468
4490.000000,0.604569,0.59842172,0.06472017,0,0,not_needed,0,0,bragg,auto_sparse,4240.000000,0.685977,0,0,0,voigt,voigt,0,0.60456864,0.05856916
4500.000000,0.601596,0.60018734,0.06460854,0,0,not_needed,0,0,bragg,auto_sparse,4240.000000,0.685977,0,0,0,voigt,voigt,0,0.60159605,0.05859549
4510.000000,0.598777,0.60380328,0.06408002,0,0,not_needed,0,0,bragg,auto_sparse,4240.000000,0.685977,0,0,0,voigt,voigt,0,0.59877723,0.05842022
4520.000000,0.596746,0.60725742,0.05946574,0,0,not_needed,0,0,bragg,auto_sparse,4250.000000,0.682276,0,0,0,voigt,voigt,0,0.59674562,0.05493318
4530.000000,0.594071,0.61217534,0.05951306,0,0,not_needed,0,0,bragg,auto_sparse,4250.000000,0.682276,0,0,0,voigt,voigt,0,0.59407106,0.05529798
4540.000000,0.590633,0.61835339,0.06460616,0,0,not_needed,0,0,bragg,auto_sparse,4290.000000,0.668792,0,0,0,voigt,voigt,0,0.59063268,0.05960378
4550.000000,0.587608,0.62285106,0.06524410,0,0,not_needed,0,0,bragg,auto_sparse,4290.000000,0.668792,0,0,0,voigt,voigt,0,0.58760774,0.06056021
4560.000000,0.585251,0.62487960,0.06055785,0,0,not_needed,0,0,bragg,auto_sparse,4320.000000,0.658537,0,0,0,voigt,voigt,0,0.58525099,0.05874863
4570.000000,0.581884,0.62740904,0.06515091,0,0,not_needed,0,0,bragg,auto_sparse,4390.000000,0.634559,0,0,0,voigt,voigt,0,0.58188425,0.06001121
4580.000000,0.579208,0.62759018,0.06390339,0,0,not_needed,0,0,bragg,auto_sparse,4390.000000,0.634559,0,0,0,voigt,voigt,0,0.57920811,0.05874354
4590.000000,0.576756,0.62666102,0.06157429,0,0,not_needed,0,0,bragg,auto_sparse,4390.000000,0.634559,0,0,0,voigt,voigt,0,0.57675578,0.05703672
4600.000000,0.574433,0.62510311,0.05938705,0,0,not_needed,0,0,bragg,auto_sparse,4390.000000,0.634559,0,0,0,voigt,voigt,0,0.57443287,0.05591135
4610.000000,0.572049,0.62340585,0.05822096,0,0,not_needed,0,0,bragg,auto_sparse,4390.000000,0.634559,0,0,0,voigt,voigt,0,0.57204901,0.05449241
4620.000000,0.569503,0.62188944,0.05764781,0,0,not_needed,0,0,bragg,auto_sparse,4390.000000,0.634559,0,0,0,voigt,voigt,0,0.56950283,0.05385685
4630.000000,0.566189,0.62153274,0.06132719,0,0,not_needed,0,0,bragg,auto_sparse,4420.000000,0.625402,0,0,0,voigt,voigt,0,0.56618875,0.05555110
4640.000000,0.563907,0.61994548,0.05895657,0,0,not_needed,0,0,bragg,auto_sparse,4420.000000,0.625402,0,0,0,voigt,voigt,0,0.56390739,0.05438085
4650.000000,0.561534,0.61847271,0.05757803,0,0,not_needed,0,0,bragg,auto_sparse,4420.000000,0.625402,0,0,0,voigt,voigt,0,0.56153422,0.05303598
4660.000000,0.559011,0.61716110,0.05680893,0,0,not_needed,0,0,bragg,auto_sparse,4420.000000,0.625402,0,0,0,voigt,voigt,0,0.55901062,0.05218864
4670.000000,0.556319,0.61593344,0.05664139,0,0,not_needed,0,0,bragg,auto_sparse,4420.000000,0.625402,0,0,0,voigt,voigt,0,0.55631933,0.05209372
4680.000000,0.553268,0.61484213,0.06048643,0,0,not_needed,0,0,bragg,auto_sparse,4460.000000,0.613498,0,0,0,voigt,voigt,0,0.55326840,0.05487543
4690.000000,0.551066,0.61238924,0.05797437,0,0,not_needed,0,0,bragg,auto_sparse,4460.000000,0.613498,0,0,0,voigt,voigt,0,0.55106583,0.05365711
4700.000000,0.548809,0.60982758,0.05642042,0,0,not_needed,0,0,bragg,auto_sparse,4460.000000,0.613498,0,0,0,voigt,voigt,0,0.54880885,0.05208375
4710.000000,0.546383,0.60735830,0.05556796,0,0,not_needed,0,0,bragg,auto_sparse,4460.000000,0.613498,0,0,0,voigt,voigt,0,0.54638273,0.05107741
4720.000000,0.543744,0.60515939,0.05525004,0,0,not_needed,0,0,bragg,auto_sparse,4460.000000,0.613498,0,0,0,voigt,voigt,0,0.54374396,0.05079484
4730.000000,0.540949,0.60332992,0.05534464,0,0,not_needed,0,0,bragg,auto_sparse,4460.000000,0.613498,0,0,0,voigt,voigt,0,0.54094903,0.05118924
4740.000000,0.538139,0.60173968,0.05571973,0,0,not_needed,0,0,bragg,auto_sparse,4460.000000,0.613498,0,0,0,voigt,voigt,0,0.53813948,0.05204765
4750.000000,0.535487,0.59998645,0.05617312,0,0,not_needed,0,0,bragg,auto_sparse,4460.000000,0.613498,0,0,0,voigt,voigt,0,0.53548721,0.05300312
4760.000000,0.534123,0.59645340,0.05425036,0,0,not_needed,0,0,bragg,auto_sparse,4470.000000,0.610842,0,0,0,voigt,voigt,0,0.53412330,0.05294764
4770.000000,0.531752,0.59376966,0.05399770,0,0,not_needed,0,0,bragg,auto_sparse,4470.000000,0.610842,0,0,0,voigt,voigt,0,0.53175241,0.05279289
4780.000000,0.528658,0.59113916,0.05510530,0,0,not_needed,0,0,bragg,auto_sparse,4500.000000,0.601596,0,0,0,voigt,voigt,0,0.52865813,0.05231611
4790.000000,0.526390,0.58726633,0.05502747,0,0,not_needed,0,0,bragg,auto_sparse,4500.000000,0.601596,0,0,0,voigt,voigt,0,0.52639035,0.05217079
4800.000000,0.524156,0.58335409,0.05486900,0,0,not_needed,0,0,bragg,auto_sparse,4500.000000,0.601596,0,0,0,voigt,voigt,0,0.52415562,0.05189068
4810.000000,0.522966,0.57897780,0.05431486,0,0,not_needed,0,0,bragg,auto_sparse,4580.000000,0.579208,0,0,0,voigt,voigt,0,0.52296608,0.04959299
4820.000000,0.520861,0.57576466,0.05369782,0,0,not_needed,0,0,bragg,auto_sparse,4580.000000,0.579208,0,0,0,voigt,voigt,0,0.52086076,0.04903654
4830.000000,0.518423,0.57351068,0.05109079,0,0,not_needed,0,0,bragg,auto_sparse,4670.000000,0.556319,0,0,0,voigt,voigt,0,0.51842271,0.05015498
4840.000000,0.516243,0.57141888,0.05070110,0,0,not_needed,0,0,bragg,auto_sparse,4670.000000,0.556319,0,0,0,voigt,voigt,0,0.51624285,0.04944632
4850.000000,0.514086,0.56942076,0.05034900,0,0,not_needed,0,0,bragg,auto_sparse,4670.000000,0.556319,0,0,0,voigt,voigt,0,0.51408552,0.04877179
4860.000000,0.511952,0.56721001,0.05003685,0,0,not_needed,0,0,bragg,auto_sparse,4670.000000,0.556319,0,0,0,voigt,voigt,0,0.51195194,0.04814115
4870.000000,0.509782,0.56465932,0.05327823,0,0,not_needed,0,0,bragg,auto_sparse,4690.000000,0.551066,0,0,0,voigt,voigt,0,0.50978155,0.04806242
4880.000000,0.507807,0.56152390,0.04943959,0,0,not_needed,0,0,bragg,auto_sparse,4730.000000,0.540949,0,0,0,voigt,voigt,0,0.50780673,0.04791009
4890.000000,0.505744,0.55815392,0.04912621,0,0,not_needed,0,0,bragg,auto_sparse,4730.000000,0.540949,0,0,0,voigt,voigt,0,0.50574428,0.04727607
4900.000000,0.503701,0.55457795,0.04881431,0,0,not_needed,0,0,bragg,auto_sparse,4730.000000,0.540949,0,0,0,voigt,voigt,0,0.50370119,0.04663535
4910.000000,0.501673,0.55092108,0.04850767,0,0,not_needed,0,0,bragg,auto_sparse,4730.000000,0.540949,0,0,0,voigt,voigt,0,0.50167343,0.04600219
4920.000000,0.499657,0.54726858,0.04821274,0,0,not_needed,0,0,bragg,auto_sparse,4730.000000,0.540949,0,0,0,voigt,voigt,0,0.49965714,0.04539405
4930.000000,0.497651,0.54365907,0.04793191,0,0,not_needed,0,0,bragg,auto_sparse,4730.000000,0.540949,0,0,0,voigt,voigt,0,0.49765100,0.04482133
4940.000000,0.495657,0.54008755,0.04766253,0,0,not_needed,0,0,bragg,auto_sparse,4730.000000,0.540949,0,0,0,voigt,voigt,0,0.49565672,0.04428486
4950.000000,0.493677,0.53651344,0.04740135,0,0,not_needed,0,0,bragg,auto_sparse,4730.000000,0.540949,0,0,0,voigt,voigt,0,0.49367734,0.04378189
4960.000000,0.491715,0.53287456,0.04714915,0,0,not_needed,0,0,bragg,auto_sparse,4730.000000,0.540949,0,0,0,voigt,voigt,0,0.49171520,0.04331275
4970.000000,0.489772,0.52910563,0.04690949,0,0,not_needed,0,0,bragg,auto_sparse,4730.000000,0.540949,0,0,0,voigt,voigt,0,0.48977214,0.04287949
4980.000000,0.487851,0.52515824,0.04668308,0,0,not_needed,0,0,bragg,auto_sparse,4730.000000,0.540949,0,0,0,voigt,voigt,0,0.48785120,0.04248119
4990.000000,0.485957,0.52101813,0.04646536,0,0,not_needed,0,0,bragg,auto_sparse,4730.000000,0.540949,0,0,0,voigt,voigt,0,0.48595712,0.04210881
5000.000000,0.484208,0.51668998,0.04592020,0,0,not_needed,0,0,bragg,auto_sparse,4770.000000,0.531752,0,0,0,voigt,voigt,0,0.48420755,0.04175770
5010.000000,0.482453,0.51205033,0.04565664,0,0,not_needed,0,0,bragg,auto_sparse,4770.000000,0.531752,0,0,0,voigt,voigt,0,0.48245324,0.04136564
5020.000000,0.480750,0.50727956,0.04540531,0,0,not_needed,0,0,bragg,auto_sparse,4770.000000,0.531752,0,0,0,voigt,voigt,0,0.48075028,0.04099011
5030.000000,0.479067,0.50250810,0.04516274,0,0,not_needed,0,0,bragg,auto_sparse,4770.000000,0.531752,0,0,0,voigt,voigt,0,0.47906709,0.04062423
5040.000000,0.477462,0.49774876,0.04424408,0,0,not_needed,0,0,bragg,auto_sparse,4800.000000,0.524156,0,0,0,voigt,voigt,0,0.47746227,0.04087421
5050.000000,0.475819,0.49301674,0.04361890,0,0,not_needed,0,0,bragg,auto_sparse,4800.000000,0.524156,0,0,0,voigt,voigt,0,0.47581911,0.04032925
5060.000000,0.474191,0.48826541,0.04307584,0,0,not_needed,0,0,bragg,auto_sparse,4800.000000,0.524156,0,0,0,voigt,voigt,0,0.47419091,0.03981210
5070.000000,0.472569,0.48344614,0.04259732,0,0,not_needed,0,0,bragg,auto_sparse,4800.000000,0.524156,0,0,0,voigt,voigt,0,0.47256916,0.03932012
5080.000000,0.470946,0.47851421,0.04216302,0,0,not_needed,0,0,bragg,auto_sparse,4800.000000,0.524156,0,0,0,voigt,voigt,0,0.47094590,0.03884614
5090.000000,0.469315,0.47343971,0.04175735,0,0,not_needed,0,0,bragg,auto_sparse,4800.000000,0.524156,0,0,0,voigt,voigt,0,0.46931502,0.03838603
5100.000000,0.467230,0.46807083,0.04062596,0,0,not_needed,0,0,bragg,auto_sparse,4870.000000,0.509782,0,0,0,voigt,voigt,0,0.46723017,0.03714384
5110.000000,0.465694,0.46266623,0.03968551,0,0,not_needed,0,0,bragg,auto_sparse,4870.000000,0.509782,0,0,0,voigt,voigt,0,0.46569412,0.03623437
5120.000000,0.464158,0.45711930,0.03890809,0,0,not_needed,0,0,bragg,auto_sparse,4870.000000,0.509782,0,0,0,voigt,voigt,0,0.46415778,0.03541870
5130.000000,0.462694,0.45145592,0.04061640,0,0,not_needed,0,0,bragg,auto_sparse,4890.000000,0.505744,0,0,0,voigt,voigt,0,0.46269419,0.03600394
5140.000000,0.461174,0.44558847,0.04040718,0,0,not_needed,0,0,bragg,auto_sparse,4890.000000,0.505744,0,0,0,voigt,voigt,0,0.46117429,0.03572101
5150.000000,0.459664,0.43958509,0.04019013,0,0,not_needed,0,0,bragg,auto_sparse,4890.000000,0.505744,0,0,0,voigt,voigt,0,0.45966372,0.03545907
5160.000000,0.458162,0.43352943,0.03995419,0,0,not_needed,0,0,bragg,auto_sparse,4890.000000,0.505744,0,0,0,voigt,voigt,0,0.45816185,0.03520477
5170.000000,0.456669,0.42754660,0.03968829,0,0,not_needed,0,0,bragg,auto_sparse,4890.000000,0.505744,0,0,0,voigt,voigt,0,0.45666920,0.03494693
5180.000000,0.454828,0.42144923,0.03760600,0,0,not_needed,0,0,bragg,auto_sparse,4970.000000,0.489772,0,0,0,voigt,voigt,0,0.45482756,0.03351570
5190.000000,0.453370,0.41592155,0.03714369,0,0,not_needed,0,0,bragg,auto_sparse,4970.000000,0.489772,0,0,0,voigt,voigt,0,0.45336954,0.03297907
5200.000000,0.451941,0.41066411,0.03663663,0,0,not_needed,0,0,bragg,auto_sparse,4970.000000,0.489772,0,0,0,voigt,voigt,0,0.45194078,0.03246033
5210.000000,0.450537,0.40558598,0.03607624,0,0,not_needed,0,0,bragg,auto_sparse,4970.000000,0.489772,0,0,0,voigt,voigt,0,0.45053710,0.03196281
5220.000000,0.449152,0.40055130,0.03545670,0,0,not_needed,0,0,bragg,auto_sparse,4970.000000,0.489772,0,0,0,voigt,voigt,0,0.44915195,0.03149274
5230.000000,0.447953,0.39568721,0.03609668,0,0,not_needed,0,0,bragg,auto_sparse,5070.000000,0.472569,0,0,0,voigt,voigt,0,0.44795316,0.03183612
5240.000000,0.446521,0.39031285,0.03577965,0,0,not_needed,0,0,bragg,auto_sparse,5070.000000,0.472569,0,0,0,voigt,voigt,0,0.44652107,0.03150576
5250.000000,0.445090,0.38472031,0.03542505,0,0,not_needed,0,0,bragg,auto_sparse,5070.000000,0.472569,0,0,0,voigt,voigt,0,0.44509019,0.03117751
5260.000000,0.443660,0.37894144,0.03502727,0,0,not_needed,0,0,bragg,auto_sparse,5070.000000,0.472569,0,0,0,voigt,voigt,0,0.44365975,0.03084209
5270.000000,0.442282,0.37292113,0.03460698,0,0,not_needed,0,0,bragg,auto_sparse,5070.000000,0.472569,0,0,0,voigt,voigt,0,0.44228239,0.03050647
5280.000000,0.440979,0.36668868,0.03419129,0,0,not_needed,0,0,bragg,auto_sparse,5070.000000,0.472569,0,0,0,voigt,voigt,0,0.44097891,0.03018298
5290.000000,0.439682,0.36042218,0.03375615,0,0,not_needed,0,0,bragg,auto_sparse,5070.000000,0.472569,0,0,0,voigt,voigt,0,0.43968193,0.02984708
5300.000000,0.438458,0.35427624,0.03289897,0,0,not_needed,0,0,bragg,auto_sparse,5090.000000,0.469315,0,0,0,voigt,voigt,0,0.43845837,0.02892253
5310.000000,0.437220,0.34807591,0.03246961,0,0,not_needed,0,0,bragg,auto_sparse,5090.000000,0.469315,0,0,0,voigt,voigt,0,0.43721987,0.02864381
5320.000000,0.435987,0.34186367,0.03200786,0,0,not_needed,0,0,bragg,auto_sparse,5090.000000,0.469315,0,0,0,voigt,voigt,0,0.43598717,0.02837831
5330.000000,0.434760,0.33563849,0.03152004,0,0,not_needed,0,0,bragg,auto_sparse,5090.000000,0.469315,0,0,0,voigt,voigt,0,0.43475955,0.02812924
5340.000000,0.433448,0.32917094,0.03055452,0,0,not_needed,0,0,bragg,auto_sparse,5100.000000,0.467230,0,0,0,voigt,voigt,0,0.43344843,0.02717943
5350.000000,0.432254,0.32297488,0.03023957,0,0,not_needed,0,0,bragg,auto_sparse,5100.000000,0.467230,0,0,0,voigt,voigt,0,0.43225435,0.02685544
5360.000000,0.431061,0.31675633,0.02998110,0,0,not_needed,0,0,bragg,auto_sparse,5100.000000,0.467230,0,0,0,voigt,voigt,0,0.43106094,0.02670746
5370.000000,0.429870,0.31051217,0.02974747,0,0,not_needed,0,0,bragg,auto_sparse,5100.000000,0.467230,0,0,0,voigt,voigt,0,0.42987020,0.02658614
5380.000000,0.428603,0.30399254,0.02969833,0,0,not_needed,0,0,bragg,auto_sparse,5140.000000,0.461174,0,0,0,voigt,voigt,0,0.42860304,0.02733616
5390.000000,0.427388,0.29757078,0.02919380,0,0,not_needed,0,0,bragg,auto_sparse,5140.000000,0.461174,0,0,0,voigt,voigt,0,0.42738765,0.02733446
5400.000000,0.426178,0.29110674,0.02873857,0,0,not_needed,0,0,bragg,auto_sparse,5140.000000,0.461174,0,0,0,voigt,voigt,0,0.42617831,0.02845486
5410.000000,0.424973,0.28459131,0.02838823,0,0,not_needed,0,0,bragg,auto_sparse,5140.000000,0.461174,0,0,0,voigt,voigt,0,0.42497302,0.02831647
5420.000000,0.423536,0.27722918,0.02785515,0,0,not_needed,0,0,bragg,auto_sparse,5150.000000,0.459664,0,0,0,voigt,voigt,0,0.42353618,0.02582563
5430.000000,0.422352,0.27065983,0.02745075,0,0,not_needed,0,0,bragg,auto_sparse,5150.000000,0.459664,0,0,0,voigt,voigt,0,0.42235188,0.02532117
5440.000000,0.421173,0.26405832,0.02707332,0,0,not_needed,0,0,bragg,auto_sparse,5150.000000,0.459664,0,0,0,voigt,voigt,0,0.42117277,0.02483751
5450.000000,0.419995,0.25742563,0.02731366,0,0,not_needed,0,0,bragg,auto_sparse,5160.000000,0.458162,0,0,0,voigt,voigt,0,0.41999476,0.02401005
5460.000000,0.419025,0.25150424,0.02714184,0,0,not_needed,0,0,bragg,auto_sparse,5210.000000,0.450537,0,0,0,voigt,voigt,0,0.41902476,0.02594808
5470.000000,0.417787,0.24467503,0.02736099,0,0,not_needed,0,0,bragg,auto_sparse,5220.000000,0.449152,0,0,0,voigt,voigt,0,0.41778668,0.02413758
5480.000000,0.416674,0.23832067,0.02732357,0,0,not_needed,0,0,bragg,auto_sparse,5220.000000,0.449152,0,0,0,voigt,voigt,0,0.41667401,0.02389088
5490.000000,0.415571,0.23207363,0.02728795,0,0,not_needed,0,0,bragg,auto_sparse,5220.000000,0.449152,0,0,0,voigt,voigt,0,0.41557073,0.02367725
5500.000000,0.414231,0.22501629,0.02585159,0,0,not_needed,0,0,bragg,auto_sparse,5230.000000,0.447953,0,0,0,voigt,voigt,0,0.41423070,0.02411780
5510.000000,0.413349,0.21983028,0.02708777,0,0,not_needed,0,0,bragg,auto_sparse,5280.000000,0.440979,0,0,0,voigt,voigt,0,0.41334882,0.02353529
5520.000000,0.412274,0.21401222,0.02701299,0,0,not_needed,0,0,bragg,auto_sparse,5280.000000,0.440979,0,0,0,voigt,voigt,0,0.41227403,0.02332065
5530.000000,0.411073,0.20780765,0.02557567,0,0,not_needed,0,0,bragg,auto_sparse,5400.000000,0.426178,0,0,0,voigt,voigt,0,0.41107298,0.02409832
5540.000000,0.409986,0.20212189,0.02531816,0,0,not_needed,0,0,bragg,auto_sparse,5400.000000,0.426178,0,0,0,voigt,voigt,0,0.40998558,0.02373916
5550.000000,0.408895,0.19648181,0.02499636,0,0,not_needed,0,0,bragg,auto_sparse,5400.000000,0.426178,0,0,0,voigt,voigt,0,0.40889510,0.02329866
5560.000000,0.407873,0.19107291,0.02463826,0,0,not_needed,0,0,bragg,auto_sparse,5400.000000,0.426178,0,0,0,voigt,voigt,0,0.40787258,0.02080924
5570.000000,0.406705,0.18491843,0.02433798,0,0,not_needed,0,0,bragg,auto_sparse,5400.000000,0.426178,0,0,0,voigt,voigt,0,0.40670460,0.02097240
5580.000000,0.405513,0.17875869,0.02406971,0,0,not_needed,0,0,bragg,auto_sparse,5400.000000,0.426178,0,0,0,voigt,voigt,0,0.40551262,0.02115868
5590.000000,0.404303,0.17264797,0.02385769,0,0,not_needed,0,0,bragg,auto_sparse,5400.000000,0.426178,0,0,0,voigt,voigt,0,0.40430267,0.02130890
5600.000000,0.403084,0.16665371,0.02371795,0,0,not_needed,0,0,bragg,auto_sparse,5400.000000,0.426178,0,0,0,voigt,voigt,0,0.40308443,0.02138473
5610.000000,0.401869,0.16084044,0.02365606,0,0,not_needed,0,0,bragg,auto_sparse,5400.000000,0.426178,0,0,0,voigt,voigt,0,0.40186856,0.02137861
5620.000000,0.400665,0.15526174,0.02366772,0,0,not_needed,0,0,bragg,auto_sparse,5400.000000,0.426178,0,0,0,voigt,voigt,0,0.40066514,0.02129230
5630.000000,0.399547,0.15018756,0.02388806,0,0,not_needed,0,0,bragg,auto_sparse,5420.000000,0.423536,0,0,0,voigt,voigt,0,0.39954679,0.02081361
5640.000000,0.398366,0.14509789,0.02391194,0,0,not_needed,0,0,bragg,auto_sparse,5420.000000,0.423536,0,0,0,voigt,voigt,0,0.39836621,0.02102856
5650.000000,0.397190,0.14022565,0.02386455,0,0,not_needed,0,0,bragg,auto_sparse,5420.000000,0.423536,0,0,0,voigt,voigt,0,0.39719048,0.02088285
5660.000000,0.396086,0.13580727,0.02400044,0,0,not_needed,0,0,bragg,auto_sparse,5420.000000,0.423536,0,0,0,voigt,voigt,0,0.39608579,0.02046794
5670.000000,0.394998,0.13162307,0.02413067,0,0,not_needed,0,0,bragg,auto_sparse,5420.000000,0.423536,0,0,0,voigt,voigt,0,0.39499813,0.01996825
5680.000000,0.394083,0.12819891,0.02581446,1,1,recovered,0,0,bragg,initial,,,0,0,0,voigt,voigt,0,0.39408343,0.02054796
5690.000000,0.393093,0.12456856,0.02625046,0,0,not_needed,0,0,bragg,auto_sparse,5430.000000,0.422352,0,0,0,voigt,voigt,0,0.39309330,0.02064651
5700.000000,0.391965,0.12051998,0.02647603,0,0,not_needed,0,0,bragg,auto_sparse,5440.000000,0.421173,0,0,0,voigt,voigt,0,0.39196468,0.02070953
5710.000000,0.390808,0.11642685,0.02640817,0,0,not_needed,0,0,bragg,auto_sparse,5440.000000,0.421173,0,0,0,voigt,voigt,0,0.39080804,0.02076317
5720.000000,0.389625,0.11229986,0.02578032,0,0,not_needed,0,0,bragg,auto_sparse,5440.000000,0.421173,0,0,0,voigt,voigt,0,0.38962472,0.02080580
5730.000000,0.388426,0.10819270,0.02518810,0,0,not_needed,0,0,bragg,auto_sparse,5440.000000,0.421173,0,0,0,voigt,voigt,0,0.38842636,0.02092823
5740.000000,0.387429,0.10480239,0.02484405,0,0,not_needed,0,0,bragg,auto_sparse,5440.000000,0.421173,0,0,0,voigt,voigt,0,0.38742923,0.01773498
5750.000000,0.386153,0.10062756,0.02597590,0,0,not_needed,0,0,bragg,auto_sparse,5450.000000,0.419995,0,0,0,voigt,voigt,0,0.38615335,0.02141677
5760.000000,0.385144,0.09734354,0.02515557,0,0,not_needed,0,0,bragg,auto_sparse,5460.000000,0.419025,0,0,0,voigt,voigt,0,0.38514353,0.01734409
5770.000000,0.384031,0.09381925,0.02506635,0,0,not_needed,0,0,bragg,auto_sparse,5580.000000,0.405513,0,0,0,voigt,voigt,0,0.38403102,0.01764875
5780.000000,0.382892,0.09029271,0.02540209,0,0,not_needed,0,0,bragg,auto_sparse,5580.000000,0.405513,0,0,0,voigt,voigt,0,0.38289156,0.01788957
5790.000000,0.381741,0.08681981,0.02563948,0,0,not_needed,0,0,bragg,auto_sparse,5580.000000,0.405513,0,0,0,voigt,voigt,0,0.38174072,0.01826515
5800.000000,0.380589,0.08344798,0.02578393,0,0,not_needed,0,0,bragg,auto_sparse,5580.000000,0.405513,0,0,0,voigt,voigt,0,0.38058850,0.01915652
5810.000000,0.379410,0.08014089,0.02588920,0,0,not_needed,0,0,bragg,auto_sparse,5580.000000,0.405513,0,0,0,voigt,voigt,0,0.37941045,0.02012826
5820.000000,0.378216,0.07694686,0.02682758,0,0,not_needed,0,0,bragg,auto_sparse,5590.000000,0.404303,0,0,0,voigt,voigt,0,0.37821595,0.02073895
5830.000000,0.377043,0.07397057,0.02666012,0,0,not_needed,0,0,bragg,auto_sparse,5600.000000,0.403084,0,0,0,voigt,voigt,0,0.37704341,0.02238570
5840.000000,0.375926,0.07127964,0.02682586,0,0,not_needed,0,0,bragg,auto_sparse,5600.000000,0.403084,0,0,0,voigt,voigt,0,0.37592603,0.02282565
5850.000000,0.374827,0.06875759,0.02694112,0,0,not_needed,0,0,bragg,auto_sparse,5600.000000,0.403084,0,0,0,voigt,voigt,0,0.37482706,0.02310817
5860.000000,0.373737,0.06635289,0.02688970,0,0,not_needed,0,0,bragg,auto_sparse,5600.000000,0.403084,0,0,0,voigt,voigt,0,0.37373677,0.02323966
5870.000000,0.372827,0.06439661,0.02650821,0,0,not_needed,0,0,bragg,auto_sparse,5600.000000,0.403084,0,0,0,voigt,voigt,0,0.37282720,0.01989523
5880.000000,0.371639,0.06192226,0.02647488,0,0,not_needed,0,0,bragg,auto_sparse,5600.000000,0.403084,0,0,0,voigt,voigt,0,0.37163939,0.02121815
5890.000000,0.370447,0.05758712,0.02739138,0,0,not_needed,0,0,bragg,auto_sparse,5680.000000,0.394083,0,0,0,voigt,voigt,0,0.37044656,0.01986416
5900.000000,0.369695,0.05288516,0.02937860,0,0,not_needed,0,0,bragg,auto_sparse,5800.000000,0.380589,0,0,0,voigt,voigt,0,0.36969476,0.02053122
5910.000000,0.368937,0.04874535,0.03145568,0,0,not_needed,0,0,bragg,auto_sparse,5800.000000,0.380589,0,0,0,voigt,voigt,0,0.36893664,0.02193051
5920.000000,0.368133,0.04504487,0.03594845,0,0,not_needed,0,0,bragg,auto_sparse,5880.000000,0.371639,0,0,0,voigt,voigt,0,0.36813308,0.02377570
5930.000000,0.367334,0.04177888,0.03768914,0,0,not_needed,0,0,bragg,auto_sparse,5880.000000,0.371639,0,0,0,voigt,voigt,0,0.36733420,0.02458668
5940.000000,1.869309,0.00421847,0.02354926,0,0,not_needed,0,0,bragg,auto_sparse,5880.000000,0.371639,0,0,0,voigt,voigt,0,1.86930872,0.02374912
5950.000000,1.865108,0.00415612,0.02320629,0,0,not_needed,0,0,bragg,auto_sparse,5880.000000,0.371639,0,0,0,voigt,voigt,0,1.86510760,0.02313156
5960.000000,0.364625,0.03379727,0.04344479,0,0,not_needed,0,0,bragg,auto_sparse,5880.000000,0.371639,0,0,0,voigt,voigt,0,0.36462536,0.02996134
5970.000000,0.363881,0.03177732,0.04538647,0,0,not_needed,0,0,bragg,auto_sparse,5880.000000,0.371639,0,0,0,voigt,voigt,0,0.36388059,0.03072680
5980.000000,0.363136,0.02995179,0.04737178,0,0,not_needed,0,0,bragg,auto_sparse,5880.000000,0.371639,0,0,0,voigt,voigt,0,0.36313633,0.03149180
5990.000000,0.362389,0.02829013,0.04922422,0,0,not_needed,0,0,bragg,auto_sparse,5880.000000,0.371639,0,0,0,voigt,voigt,0,0.36238864,0.03225916
6000.000000,0.361684,0.02678434,0.05102460,0,0,not_needed,0,0,bragg,auto_sparse,5880.000000,0.371639,0,0,0,voigt,voigt,0,0.36168401,0.03255748
